IOE,EML,04174-metadata.xml,Abstract,
IOE,EML,04174-metadata.xml,Abstract,
IOE,EML,04174-metadata.xml,Author,
IOE,EML,04174-metadata.xml,Author,
IOE,EML,04174-metadata.xml,Author,
IOE,EML,04174-metadata.xml,Author,
IOE,EML,04174-metadata.xml,Author / Originator,
IOE,EML,04174-metadata.xml,Author / Originator,
IOE,EML,04174-metadata.xml,Author / Originator Identifier,
IOE,EML,04174-metadata.xml,Author / Originator Identifier,
IOE,EML,04174-metadata.xml,Author / Originator Identifier,
IOE,EML,04174-metadata.xml,Author / Originator Identifier,
IOE,EML,04174-metadata.xml,Bounding Box,
IOE,EML,04174-metadata.xml,Easternmost Longitude,
IOE,EML,04174-metadata.xml,Keyword,
IOE,EML,04174-metadata.xml,Keyword,
IOE,EML,04174-metadata.xml,Keyword,
IOE,EML,04174-metadata.xml,Keyword,
IOE,EML,04174-metadata.xml,Keyword,
IOE,EML,04174-metadata.xml,Keyword,
IOE,EML,04174-metadata.xml,Metadata Access Constraints,
IOE,EML,04174-metadata.xml,Metadata Access Constraints,
IOE,EML,04174-metadata.xml,Metadata Use Constraints,
IOE,EML,04174-metadata.xml,Metadata Use Constraints,
IOE,EML,04174-metadata.xml,Northernmost Latitude,
IOE,EML,04174-metadata.xml,Organization Name,
IOE,EML,04174-metadata.xml,Organization Name,
IOE,EML,04174-metadata.xml,Originating Organization,
IOE,EML,04174-metadata.xml,Resource Access Constraints,
IOE,EML,04174-metadata.xml,Resource Contact,
IOE,EML,04174-metadata.xml,Resource Identifier,
IOE,EML,04174-metadata.xml,Resource Identifier Type,
IOE,EML,04174-metadata.xml,Resource Identifier Type,
IOE,EML,04174-metadata.xml,Resource Long Name,
IOE,EML,04174-metadata.xml,Resource Long Name,
IOE,EML,04174-metadata.xml,Resource Status,
IOE,EML,04174-metadata.xml,Resource Status,
IOE,EML,04174-metadata.xml,Resource Title,
IOE,EML,04174-metadata.xml,Resource Use Constraints,
IOE,EML,04174-metadata.xml,Rights,
IOE,EML,04174-metadata.xml,Security Constraints,
IOE,EML,04174-metadata.xml,Southernmost Latitude,
IOE,EML,04174-metadata.xml,Spatial Extent,
IOE,EML,04174-metadata.xml,Theme Keyword,
IOE,EML,04174-metadata.xml,Theme Keyword,
IOE,EML,04174-metadata.xml,Theme Keyword,
IOE,EML,04174-metadata.xml,Theme Keyword,
IOE,EML,04174-metadata.xml,Theme Keyword,
IOE,EML,04174-metadata.xml,Theme Keyword,
IOE,EML,04174-metadata.xml,Westernmost Longitude,
IOE,EML,04175-metadata.xml,Abstract,
IOE,EML,04175-metadata.xml,Abstract,
IOE,EML,04175-metadata.xml,Attribute Definition,
IOE,EML,04175-metadata.xml,Attribute Definition,
IOE,EML,04175-metadata.xml,Attribute Definition,
IOE,EML,04175-metadata.xml,Attribute Definition,
IOE,EML,04175-metadata.xml,Attribute Definition,
IOE,EML,04175-metadata.xml,Attribute Definition,
IOE,EML,04175-metadata.xml,Attribute Definition,
IOE,EML,04175-metadata.xml,Attribute Definition,
IOE,EML,04175-metadata.xml,Attribute Definition,
IOE,EML,04175-metadata.xml,Attribute Definition,
IOE,EML,04175-metadata.xml,Attribute Definition,
IOE,EML,04175-metadata.xml,Attribute Definition,
IOE,EML,04175-metadata.xml,Attribute Definition,
IOE,EML,04175-metadata.xml,Attribute Definition,
IOE,EML,04175-metadata.xml,Attribute Definition,
IOE,EML,04175-metadata.xml,Attribute Definition,
IOE,EML,04175-metadata.xml,Attribute Definition,
IOE,EML,04175-metadata.xml,Attribute Definition,
IOE,EML,04175-metadata.xml,Attribute Definition,
IOE,EML,04175-metadata.xml,Attribute Definition,
IOE,EML,04175-metadata.xml,Attribute Definition,
IOE,EML,04175-metadata.xml,Attribute Definition,
IOE,EML,04175-metadata.xml,Attribute Definition,
IOE,EML,04175-metadata.xml,Attribute Definition,
IOE,EML,04175-metadata.xml,Attribute Definition,
IOE,EML,04175-metadata.xml,Attribute Definition,
IOE,EML,04175-metadata.xml,Attribute Definition,
IOE,EML,04175-metadata.xml,Attribute Definition,
IOE,EML,04175-metadata.xml,Attribute Definition,
IOE,EML,04175-metadata.xml,Attribute List,
IOE,EML,04175-metadata.xml,Author,
IOE,EML,04175-metadata.xml,Author,
IOE,EML,04175-metadata.xml,Author,
IOE,EML,04175-metadata.xml,Author,
IOE,EML,04175-metadata.xml,Author,
IOE,EML,04175-metadata.xml,Author,
IOE,EML,04175-metadata.xml,Author,
IOE,EML,04175-metadata.xml,Author,
IOE,EML,04175-metadata.xml,Author / Originator,
IOE,EML,04175-metadata.xml,Author / Originator,
IOE,EML,04175-metadata.xml,Author / Originator,
IOE,EML,04175-metadata.xml,Author / Originator,
IOE,EML,04175-metadata.xml,Author / Originator Identifier,
IOE,EML,04175-metadata.xml,Author / Originator Identifier,
IOE,EML,04175-metadata.xml,Author / Originator Identifier,
IOE,EML,04175-metadata.xml,Author / Originator Identifier,
IOE,EML,04175-metadata.xml,Author / Originator Identifier,
IOE,EML,04175-metadata.xml,Author / Originator Identifier,
IOE,EML,04175-metadata.xml,Author / Originator Identifier,
IOE,EML,04175-metadata.xml,Author / Originator Identifier,
IOE,EML,04175-metadata.xml,Bounding Box,
IOE,EML,04175-metadata.xml,Easternmost Longitude,
IOE,EML,04175-metadata.xml,Keyword,
IOE,EML,04175-metadata.xml,Keyword,
IOE,EML,04175-metadata.xml,Keyword,
IOE,EML,04175-metadata.xml,Metadata Access Constraints,
IOE,EML,04175-metadata.xml,Metadata Access Constraints,
IOE,EML,04175-metadata.xml,Metadata Use Constraints,
IOE,EML,04175-metadata.xml,Metadata Use Constraints,
IOE,EML,04175-metadata.xml,Northernmost Latitude,
IOE,EML,04175-metadata.xml,Organization Name,
IOE,EML,04175-metadata.xml,Resource Access Constraints,
IOE,EML,04175-metadata.xml,Resource Contact,
IOE,EML,04175-metadata.xml,Resource Format,
IOE,EML,04175-metadata.xml,Resource Identifier,
IOE,EML,04175-metadata.xml,Resource Identifier Type,
IOE,EML,04175-metadata.xml,Resource Identifier Type,
IOE,EML,04175-metadata.xml,Resource Long Name,
IOE,EML,04175-metadata.xml,Resource Long Name,
IOE,EML,04175-metadata.xml,Resource Status,
IOE,EML,04175-metadata.xml,Resource Status,
IOE,EML,04175-metadata.xml,Resource Title,
IOE,EML,04175-metadata.xml,Resource Use Constraints,
IOE,EML,04175-metadata.xml,Rights,
IOE,EML,04175-metadata.xml,Security Constraints,
IOE,EML,04175-metadata.xml,Southernmost Latitude,
IOE,EML,04175-metadata.xml,Spatial Extent,
IOE,EML,04175-metadata.xml,Theme Keyword,
IOE,EML,04175-metadata.xml,Theme Keyword,
IOE,EML,04175-metadata.xml,Theme Keyword,
IOE,EML,04175-metadata.xml,Westernmost Longitude,
IOE,EML,04176-metadata.xml,Abstract,
IOE,EML,04176-metadata.xml,Abstract,
IOE,EML,04176-metadata.xml,Author,
IOE,EML,04176-metadata.xml,Author,
IOE,EML,04176-metadata.xml,Author,
IOE,EML,04176-metadata.xml,Author,
IOE,EML,04176-metadata.xml,Author,
IOE,EML,04176-metadata.xml,Author,
IOE,EML,04176-metadata.xml,Author,
IOE,EML,04176-metadata.xml,Author,
IOE,EML,04176-metadata.xml,Author,
IOE,EML,04176-metadata.xml,Author,
IOE,EML,04176-metadata.xml,Author,
IOE,EML,04176-metadata.xml,Author,
IOE,EML,04176-metadata.xml,Author,
IOE,EML,04176-metadata.xml,Author,
IOE,EML,04176-metadata.xml,Author,
IOE,EML,04176-metadata.xml,Author,
IOE,EML,04176-metadata.xml,Author,
IOE,EML,04176-metadata.xml,Author,
IOE,EML,04176-metadata.xml,Author / Originator,
IOE,EML,04176-metadata.xml,Author / Originator,
IOE,EML,04176-metadata.xml,Author / Originator,
IOE,EML,04176-metadata.xml,Author / Originator,
IOE,EML,04176-metadata.xml,Author / Originator,
IOE,EML,04176-metadata.xml,Author / Originator,
IOE,EML,04176-metadata.xml,Author / Originator,
IOE,EML,04176-metadata.xml,Author / Originator,
IOE,EML,04176-metadata.xml,Author / Originator,
IOE,EML,04176-metadata.xml,Author / Originator Identifier,
IOE,EML,04176-metadata.xml,Author / Originator Identifier,
IOE,EML,04176-metadata.xml,Author / Originator Identifier,
IOE,EML,04176-metadata.xml,Author / Originator Identifier,
IOE,EML,04176-metadata.xml,Author / Originator Identifier,
IOE,EML,04176-metadata.xml,Author / Originator Identifier,
IOE,EML,04176-metadata.xml,Author / Originator Identifier,
IOE,EML,04176-metadata.xml,Author / Originator Identifier,
IOE,EML,04176-metadata.xml,Author / Originator Identifier,
IOE,EML,04176-metadata.xml,Author / Originator Identifier,
IOE,EML,04176-metadata.xml,Author / Originator Identifier,
IOE,EML,04176-metadata.xml,Author / Originator Identifier,
IOE,EML,04176-metadata.xml,Author / Originator Identifier,
IOE,EML,04176-metadata.xml,Author / Originator Identifier,
IOE,EML,04176-metadata.xml,Author / Originator Identifier,
IOE,EML,04176-metadata.xml,Author / Originator Identifier,
IOE,EML,04176-metadata.xml,Author / Originator Identifier,
IOE,EML,04176-metadata.xml,Author / Originator Identifier,
IOE,EML,04176-metadata.xml,Author / Originator World Wide Web Address,
IOE,EML,04176-metadata.xml,Author / Originator World Wide Web Address,
IOE,EML,04176-metadata.xml,Bounding Box,
IOE,EML,04176-metadata.xml,Easternmost Longitude,
IOE,EML,04176-metadata.xml,Keyword,
IOE,EML,04176-metadata.xml,Keyword,
IOE,EML,04176-metadata.xml,Keyword,
IOE,EML,04176-metadata.xml,Keyword,
IOE,EML,04176-metadata.xml,Keyword,
IOE,EML,04176-metadata.xml,Keyword,
IOE,EML,04176-metadata.xml,Keyword,
IOE,EML,04176-metadata.xml,Keyword,
IOE,EML,04176-metadata.xml,Keyword,
IOE,EML,04176-metadata.xml,Keyword,
IOE,EML,04176-metadata.xml,Metadata Access Constraints,
IOE,EML,04176-metadata.xml,Metadata Access Constraints,
IOE,EML,04176-metadata.xml,Metadata Use Constraints,
IOE,EML,04176-metadata.xml,Metadata Use Constraints,
IOE,EML,04176-metadata.xml,Northernmost Latitude,
IOE,EML,04176-metadata.xml,Organization Name,
IOE,EML,04176-metadata.xml,Originating Organization,
IOE,EML,04176-metadata.xml,Project Name,
IOE,EML,04176-metadata.xml,Project Name,
IOE,EML,04176-metadata.xml,Resource Access Constraints,
IOE,EML,04176-metadata.xml,Resource Contact,
IOE,EML,04176-metadata.xml,Resource Identifier,
IOE,EML,04176-metadata.xml,Resource Identifier Type,
IOE,EML,04176-metadata.xml,Resource Identifier Type,
IOE,EML,04176-metadata.xml,Resource Long Name,
IOE,EML,04176-metadata.xml,Resource Long Name,
IOE,EML,04176-metadata.xml,Resource Status,
IOE,EML,04176-metadata.xml,Resource Status,
IOE,EML,04176-metadata.xml,Resource Title,
IOE,EML,04176-metadata.xml,Resource Use Constraints,
IOE,EML,04176-metadata.xml,Rights,
IOE,EML,04176-metadata.xml,Security Constraints,
IOE,EML,04176-metadata.xml,Southernmost Latitude,
IOE,EML,04176-metadata.xml,Spatial Extent,
IOE,EML,04176-metadata.xml,Theme Keyword,
IOE,EML,04176-metadata.xml,Theme Keyword,
IOE,EML,04176-metadata.xml,Theme Keyword,
IOE,EML,04176-metadata.xml,Theme Keyword,
IOE,EML,04176-metadata.xml,Theme Keyword,
IOE,EML,04176-metadata.xml,Theme Keyword,
IOE,EML,04176-metadata.xml,Theme Keyword,
IOE,EML,04176-metadata.xml,Theme Keyword,
IOE,EML,04176-metadata.xml,Theme Keyword,
IOE,EML,04176-metadata.xml,Theme Keyword,
IOE,EML,04176-metadata.xml,Westernmost Longitude,
IOE,EML,04177-metadata.xml,Abstract,
IOE,EML,04177-metadata.xml,Abstract,
IOE,EML,04177-metadata.xml,Attribute Definition,
IOE,EML,04177-metadata.xml,Attribute Definition,
IOE,EML,04177-metadata.xml,Attribute Definition,
IOE,EML,04177-metadata.xml,Attribute Definition,
IOE,EML,04177-metadata.xml,Attribute Definition,
IOE,EML,04177-metadata.xml,Attribute Definition,
IOE,EML,04177-metadata.xml,Attribute Definition,
IOE,EML,04177-metadata.xml,Attribute Definition,
IOE,EML,04177-metadata.xml,Attribute Definition,
IOE,EML,04177-metadata.xml,Attribute Definition,
IOE,EML,04177-metadata.xml,Attribute Definition,
IOE,EML,04177-metadata.xml,Attribute Definition,
IOE,EML,04177-metadata.xml,Attribute Definition,
IOE,EML,04177-metadata.xml,Attribute Definition,
IOE,EML,04177-metadata.xml,Attribute Definition,
IOE,EML,04177-metadata.xml,Attribute Definition,
IOE,EML,04177-metadata.xml,Attribute Definition,
IOE,EML,04177-metadata.xml,Attribute Definition,
IOE,EML,04177-metadata.xml,Attribute Definition,
IOE,EML,04177-metadata.xml,Attribute Definition,
IOE,EML,04177-metadata.xml,Attribute Definition,
IOE,EML,04177-metadata.xml,Attribute Definition,
IOE,EML,04177-metadata.xml,Attribute Definition,
IOE,EML,04177-metadata.xml,Attribute Definition,
IOE,EML,04177-metadata.xml,Attribute Definition,
IOE,EML,04177-metadata.xml,Attribute Definition,
IOE,EML,04177-metadata.xml,Attribute List,
IOE,EML,04177-metadata.xml,Author,
IOE,EML,04177-metadata.xml,Author,
IOE,EML,04177-metadata.xml,Author / Originator,
IOE,EML,04177-metadata.xml,Author / Originator Identifier,
IOE,EML,04177-metadata.xml,Author / Originator Identifier,
IOE,EML,04177-metadata.xml,Author / Originator World Wide Web Address,
IOE,EML,04177-metadata.xml,Author / Originator World Wide Web Address,
IOE,EML,04177-metadata.xml,Bounding Box,
IOE,EML,04177-metadata.xml,Easternmost Longitude,
IOE,EML,04177-metadata.xml,Keyword,
IOE,EML,04177-metadata.xml,Keyword,
IOE,EML,04177-metadata.xml,Keyword,
IOE,EML,04177-metadata.xml,Keyword,
IOE,EML,04177-metadata.xml,Metadata Access Constraints,
IOE,EML,04177-metadata.xml,Metadata Access Constraints,
IOE,EML,04177-metadata.xml,Metadata Use Constraints,
IOE,EML,04177-metadata.xml,Metadata Use Constraints,
IOE,EML,04177-metadata.xml,Northernmost Latitude,
IOE,EML,04177-metadata.xml,Organization Name,
IOE,EML,04177-metadata.xml,Originating Organization,
IOE,EML,04177-metadata.xml,Project Name,
IOE,EML,04177-metadata.xml,Project Name,
IOE,EML,04177-metadata.xml,Resource Access Constraints,
IOE,EML,04177-metadata.xml,Resource Contact,
IOE,EML,04177-metadata.xml,Resource Format,
IOE,EML,04177-metadata.xml,Resource Identifier,
IOE,EML,04177-metadata.xml,Resource Identifier Type,
IOE,EML,04177-metadata.xml,Resource Identifier Type,
IOE,EML,04177-metadata.xml,Resource Long Name,
IOE,EML,04177-metadata.xml,Resource Long Name,
IOE,EML,04177-metadata.xml,Resource Status,
IOE,EML,04177-metadata.xml,Resource Status,
IOE,EML,04177-metadata.xml,Resource Title,
IOE,EML,04177-metadata.xml,Resource Use Constraints,
IOE,EML,04177-metadata.xml,Rights,
IOE,EML,04177-metadata.xml,Security Constraints,
IOE,EML,04177-metadata.xml,Southernmost Latitude,
IOE,EML,04177-metadata.xml,Spatial Extent,
IOE,EML,04177-metadata.xml,Theme Keyword,
IOE,EML,04177-metadata.xml,Theme Keyword,
IOE,EML,04177-metadata.xml,Theme Keyword,
IOE,EML,04177-metadata.xml,Theme Keyword,
IOE,EML,04177-metadata.xml,Westernmost Longitude,
IOE,EML,04178-metadata.xml,Abstract,
IOE,EML,04178-metadata.xml,Abstract,
IOE,EML,04178-metadata.xml,Attribute Definition,
IOE,EML,04178-metadata.xml,Attribute Definition,
IOE,EML,04178-metadata.xml,Attribute Definition,
IOE,EML,04178-metadata.xml,Attribute Definition,
IOE,EML,04178-metadata.xml,Attribute Definition,
IOE,EML,04178-metadata.xml,Attribute Definition,
IOE,EML,04178-metadata.xml,Attribute Definition,
IOE,EML,04178-metadata.xml,Attribute Definition,
IOE,EML,04178-metadata.xml,Attribute Definition,
IOE,EML,04178-metadata.xml,Attribute Definition,
IOE,EML,04178-metadata.xml,Attribute Definition,
IOE,EML,04178-metadata.xml,Attribute Definition,
IOE,EML,04178-metadata.xml,Attribute Definition,
IOE,EML,04178-metadata.xml,Attribute Definition,
IOE,EML,04178-metadata.xml,Attribute Definition,
IOE,EML,04178-metadata.xml,Attribute Definition,
IOE,EML,04178-metadata.xml,Attribute Definition,
IOE,EML,04178-metadata.xml,Attribute Definition,
IOE,EML,04178-metadata.xml,Attribute Definition,
IOE,EML,04178-metadata.xml,Attribute Definition,
IOE,EML,04178-metadata.xml,Attribute Definition,
IOE,EML,04178-metadata.xml,Attribute Definition,
IOE,EML,04178-metadata.xml,Attribute Definition,
IOE,EML,04178-metadata.xml,Attribute Definition,
IOE,EML,04178-metadata.xml,Attribute Definition,
IOE,EML,04178-metadata.xml,Attribute Definition,
IOE,EML,04178-metadata.xml,Attribute Definition,
IOE,EML,04178-metadata.xml,Attribute Definition,
IOE,EML,04178-metadata.xml,Attribute Definition,
IOE,EML,04178-metadata.xml,Attribute Definition,
IOE,EML,04178-metadata.xml,Attribute Definition,
IOE,EML,04178-metadata.xml,Attribute Definition,
IOE,EML,04178-metadata.xml,Attribute Definition,
IOE,EML,04178-metadata.xml,Attribute Definition,
IOE,EML,04178-metadata.xml,Attribute Definition,
IOE,EML,04178-metadata.xml,Attribute Definition,
IOE,EML,04178-metadata.xml,Attribute Definition,
IOE,EML,04178-metadata.xml,Attribute Definition,
IOE,EML,04178-metadata.xml,Attribute Definition,
IOE,EML,04178-metadata.xml,Attribute Definition,
IOE,EML,04178-metadata.xml,Attribute Definition,
IOE,EML,04178-metadata.xml,Attribute Definition,
IOE,EML,04178-metadata.xml,Attribute Definition,
IOE,EML,04178-metadata.xml,Attribute Definition,
IOE,EML,04178-metadata.xml,Attribute Definition,
IOE,EML,04178-metadata.xml,Attribute Definition,
IOE,EML,04178-metadata.xml,Attribute Definition,
IOE,EML,04178-metadata.xml,Attribute Definition,
IOE,EML,04178-metadata.xml,Attribute Definition,
IOE,EML,04178-metadata.xml,Attribute Definition,
IOE,EML,04178-metadata.xml,Attribute Definition,
IOE,EML,04178-metadata.xml,Attribute Definition,
IOE,EML,04178-metadata.xml,Attribute Definition,
IOE,EML,04178-metadata.xml,Attribute Definition,
IOE,EML,04178-metadata.xml,Attribute Definition,
IOE,EML,04178-metadata.xml,Attribute Definition,
IOE,EML,04178-metadata.xml,Attribute Definition,
IOE,EML,04178-metadata.xml,Attribute Definition,
IOE,EML,04178-metadata.xml,Attribute Definition,
IOE,EML,04178-metadata.xml,Attribute Definition,
IOE,EML,04178-metadata.xml,Attribute Definition,
IOE,EML,04178-metadata.xml,Attribute Definition,
IOE,EML,04178-metadata.xml,Attribute Definition,
IOE,EML,04178-metadata.xml,Attribute Definition,
IOE,EML,04178-metadata.xml,Attribute Definition,
IOE,EML,04178-metadata.xml,Attribute Definition,
IOE,EML,04178-metadata.xml,Attribute Definition,
IOE,EML,04178-metadata.xml,Attribute Definition,
IOE,EML,04178-metadata.xml,Attribute Definition,
IOE,EML,04178-metadata.xml,Attribute Definition,
IOE,EML,04178-metadata.xml,Attribute Definition,
IOE,EML,04178-metadata.xml,Attribute Definition,
IOE,EML,04178-metadata.xml,Attribute Definition,
IOE,EML,04178-metadata.xml,Attribute Definition,
IOE,EML,04178-metadata.xml,Attribute Definition,
IOE,EML,04178-metadata.xml,Attribute Definition,
IOE,EML,04178-metadata.xml,Attribute Definition,
IOE,EML,04178-metadata.xml,Attribute Definition,
IOE,EML,04178-metadata.xml,Attribute Definition,
IOE,EML,04178-metadata.xml,Attribute Definition,
IOE,EML,04178-metadata.xml,Attribute Definition,
IOE,EML,04178-metadata.xml,Attribute Definition,
IOE,EML,04178-metadata.xml,Attribute Definition,
IOE,EML,04178-metadata.xml,Attribute Definition,
IOE,EML,04178-metadata.xml,Attribute Definition,
IOE,EML,04178-metadata.xml,Attribute Definition,
IOE,EML,04178-metadata.xml,Attribute Definition,
IOE,EML,04178-metadata.xml,Attribute Definition,
IOE,EML,04178-metadata.xml,Attribute Definition,
IOE,EML,04178-metadata.xml,Attribute Definition,
IOE,EML,04178-metadata.xml,Attribute Definition,
IOE,EML,04178-metadata.xml,Attribute Definition,
IOE,EML,04178-metadata.xml,Attribute Definition,
IOE,EML,04178-metadata.xml,Attribute Definition,
IOE,EML,04178-metadata.xml,Attribute Definition,
IOE,EML,04178-metadata.xml,Attribute Definition,
IOE,EML,04178-metadata.xml,Attribute Definition,
IOE,EML,04178-metadata.xml,Attribute Definition,
IOE,EML,04178-metadata.xml,Attribute Definition,
IOE,EML,04178-metadata.xml,Attribute Definition,
IOE,EML,04178-metadata.xml,Attribute Definition,
IOE,EML,04178-metadata.xml,Attribute Definition,
IOE,EML,04178-metadata.xml,Attribute Definition,
IOE,EML,04178-metadata.xml,Attribute Definition,
IOE,EML,04178-metadata.xml,Attribute Definition,
IOE,EML,04178-metadata.xml,Attribute Definition,
IOE,EML,04178-metadata.xml,Attribute Definition,
IOE,EML,04178-metadata.xml,Attribute Definition,
IOE,EML,04178-metadata.xml,Attribute Definition,
IOE,EML,04178-metadata.xml,Attribute Definition,
IOE,EML,04178-metadata.xml,Attribute Definition,
IOE,EML,04178-metadata.xml,Attribute Definition,
IOE,EML,04178-metadata.xml,Attribute Definition,
IOE,EML,04178-metadata.xml,Attribute Definition,
IOE,EML,04178-metadata.xml,Attribute Definition,
IOE,EML,04178-metadata.xml,Attribute Definition,
IOE,EML,04178-metadata.xml,Attribute Definition,
IOE,EML,04178-metadata.xml,Attribute Definition,
IOE,EML,04178-metadata.xml,Attribute Definition,
IOE,EML,04178-metadata.xml,Attribute Definition,
IOE,EML,04178-metadata.xml,Attribute Definition,
IOE,EML,04178-metadata.xml,Attribute Definition,
IOE,EML,04178-metadata.xml,Attribute Definition,
IOE,EML,04178-metadata.xml,Attribute Definition,
IOE,EML,04178-metadata.xml,Attribute Definition,
IOE,EML,04178-metadata.xml,Attribute Definition,
IOE,EML,04178-metadata.xml,Attribute Definition,
IOE,EML,04178-metadata.xml,Attribute Definition,
IOE,EML,04178-metadata.xml,Attribute Definition,
IOE,EML,04178-metadata.xml,Attribute Definition,
IOE,EML,04178-metadata.xml,Attribute Definition,
IOE,EML,04178-metadata.xml,Attribute Definition,
IOE,EML,04178-metadata.xml,Attribute Definition,
IOE,EML,04178-metadata.xml,Attribute Definition,
IOE,EML,04178-metadata.xml,Attribute Definition,
IOE,EML,04178-metadata.xml,Attribute Definition,
IOE,EML,04178-metadata.xml,Attribute Definition,
IOE,EML,04178-metadata.xml,Attribute Definition,
IOE,EML,04178-metadata.xml,Attribute Definition,
IOE,EML,04178-metadata.xml,Attribute Definition,
IOE,EML,04178-metadata.xml,Attribute Definition,
IOE,EML,04178-metadata.xml,Attribute Definition,
IOE,EML,04178-metadata.xml,Attribute Definition,
IOE,EML,04178-metadata.xml,Attribute Definition,
IOE,EML,04178-metadata.xml,Attribute Definition,
IOE,EML,04178-metadata.xml,Attribute Definition,
IOE,EML,04178-metadata.xml,Attribute Definition,
IOE,EML,04178-metadata.xml,Attribute Definition,
IOE,EML,04178-metadata.xml,Attribute Definition,
IOE,EML,04178-metadata.xml,Attribute Definition,
IOE,EML,04178-metadata.xml,Attribute Definition,
IOE,EML,04178-metadata.xml,Attribute Definition,
IOE,EML,04178-metadata.xml,Attribute Definition,
IOE,EML,04178-metadata.xml,Attribute Definition,
IOE,EML,04178-metadata.xml,Attribute Definition,
IOE,EML,04178-metadata.xml,Attribute Definition,
IOE,EML,04178-metadata.xml,Attribute Definition,
IOE,EML,04178-metadata.xml,Attribute Definition,
IOE,EML,04178-metadata.xml,Attribute Definition,
IOE,EML,04178-metadata.xml,Attribute Definition,
IOE,EML,04178-metadata.xml,Attribute Definition,
IOE,EML,04178-metadata.xml,Attribute Definition,
IOE,EML,04178-metadata.xml,Attribute Definition,
IOE,EML,04178-metadata.xml,Attribute Definition,
IOE,EML,04178-metadata.xml,Attribute Definition,
IOE,EML,04178-metadata.xml,Attribute Definition,
IOE,EML,04178-metadata.xml,Attribute Definition,
IOE,EML,04178-metadata.xml,Attribute Definition,
IOE,EML,04178-metadata.xml,Attribute Definition,
IOE,EML,04178-metadata.xml,Attribute Definition,
IOE,EML,04178-metadata.xml,Attribute Definition,
IOE,EML,04178-metadata.xml,Attribute Definition,
IOE,EML,04178-metadata.xml,Attribute Definition,
IOE,EML,04178-metadata.xml,Attribute Definition,
IOE,EML,04178-metadata.xml,Attribute Definition,
IOE,EML,04178-metadata.xml,Attribute Definition,
IOE,EML,04178-metadata.xml,Attribute Definition,
IOE,EML,04178-metadata.xml,Attribute Definition,
IOE,EML,04178-metadata.xml,Attribute Definition,
IOE,EML,04178-metadata.xml,Attribute Definition,
IOE,EML,04178-metadata.xml,Attribute Definition,
IOE,EML,04178-metadata.xml,Attribute Definition,
IOE,EML,04178-metadata.xml,Attribute Definition,
IOE,EML,04178-metadata.xml,Attribute Definition,
IOE,EML,04178-metadata.xml,Attribute Definition,
IOE,EML,04178-metadata.xml,Attribute Definition,
IOE,EML,04178-metadata.xml,Attribute Definition,
IOE,EML,04178-metadata.xml,Attribute Definition,
IOE,EML,04178-metadata.xml,Attribute Definition,
IOE,EML,04178-metadata.xml,Attribute Definition,
IOE,EML,04178-metadata.xml,Attribute Definition,
IOE,EML,04178-metadata.xml,Attribute Definition,
IOE,EML,04178-metadata.xml,Attribute Definition,
IOE,EML,04178-metadata.xml,Attribute Definition,
IOE,EML,04178-metadata.xml,Attribute Definition,
IOE,EML,04178-metadata.xml,Attribute Definition,
IOE,EML,04178-metadata.xml,Attribute Definition,
IOE,EML,04178-metadata.xml,Attribute Definition,
IOE,EML,04178-metadata.xml,Attribute Definition,
IOE,EML,04178-metadata.xml,Attribute Definition,
IOE,EML,04178-metadata.xml,Attribute Definition,
IOE,EML,04178-metadata.xml,Attribute Definition,
IOE,EML,04178-metadata.xml,Attribute Definition,
IOE,EML,04178-metadata.xml,Attribute Definition,
IOE,EML,04178-metadata.xml,Attribute Definition,
IOE,EML,04178-metadata.xml,Attribute Definition,
IOE,EML,04178-metadata.xml,Attribute Definition,
IOE,EML,04178-metadata.xml,Attribute Definition,
IOE,EML,04178-metadata.xml,Attribute Definition,
IOE,EML,04178-metadata.xml,Attribute Definition,
IOE,EML,04178-metadata.xml,Attribute Definition,
IOE,EML,04178-metadata.xml,Attribute Definition,
IOE,EML,04178-metadata.xml,Attribute Definition,
IOE,EML,04178-metadata.xml,Attribute Definition,
IOE,EML,04178-metadata.xml,Attribute Definition,
IOE,EML,04178-metadata.xml,Attribute Definition,
IOE,EML,04178-metadata.xml,Attribute Definition,
IOE,EML,04178-metadata.xml,Attribute Definition,
IOE,EML,04178-metadata.xml,Attribute Definition,
IOE,EML,04178-metadata.xml,Attribute Definition,
IOE,EML,04178-metadata.xml,Attribute Definition,
IOE,EML,04178-metadata.xml,Attribute Definition,
IOE,EML,04178-metadata.xml,Attribute Definition,
IOE,EML,04178-metadata.xml,Attribute Definition,
IOE,EML,04178-metadata.xml,Attribute Definition,
IOE,EML,04178-metadata.xml,Attribute Definition,
IOE,EML,04178-metadata.xml,Attribute Definition,
IOE,EML,04178-metadata.xml,Attribute Definition,
IOE,EML,04178-metadata.xml,Attribute Definition,
IOE,EML,04178-metadata.xml,Attribute Definition,
IOE,EML,04178-metadata.xml,Attribute Definition,
IOE,EML,04178-metadata.xml,Attribute Definition,
IOE,EML,04178-metadata.xml,Attribute Definition,
IOE,EML,04178-metadata.xml,Attribute Definition,
IOE,EML,04178-metadata.xml,Attribute Definition,
IOE,EML,04178-metadata.xml,Attribute Definition,
IOE,EML,04178-metadata.xml,Attribute Definition,
IOE,EML,04178-metadata.xml,Attribute Definition,
IOE,EML,04178-metadata.xml,Attribute Definition,
IOE,EML,04178-metadata.xml,Attribute Definition,
IOE,EML,04178-metadata.xml,Attribute Definition,
IOE,EML,04178-metadata.xml,Attribute Definition,
IOE,EML,04178-metadata.xml,Attribute Definition,
IOE,EML,04178-metadata.xml,Attribute Definition,
IOE,EML,04178-metadata.xml,Attribute Definition,
IOE,EML,04178-metadata.xml,Attribute Definition,
IOE,EML,04178-metadata.xml,Attribute Definition,
IOE,EML,04178-metadata.xml,Attribute Definition,
IOE,EML,04178-metadata.xml,Attribute Definition,
IOE,EML,04178-metadata.xml,Attribute Definition,
IOE,EML,04178-metadata.xml,Attribute Definition,
IOE,EML,04178-metadata.xml,Attribute Definition,
IOE,EML,04178-metadata.xml,Attribute Definition,
IOE,EML,04178-metadata.xml,Attribute Definition,
IOE,EML,04178-metadata.xml,Attribute Definition,
IOE,EML,04178-metadata.xml,Attribute Definition,
IOE,EML,04178-metadata.xml,Attribute Definition,
IOE,EML,04178-metadata.xml,Attribute Definition,
IOE,EML,04178-metadata.xml,Attribute Definition,
IOE,EML,04178-metadata.xml,Attribute Definition,
IOE,EML,04178-metadata.xml,Attribute Definition,
IOE,EML,04178-metadata.xml,Attribute Definition,
IOE,EML,04178-metadata.xml,Attribute Definition,
IOE,EML,04178-metadata.xml,Attribute Definition,
IOE,EML,04178-metadata.xml,Attribute Definition,
IOE,EML,04178-metadata.xml,Attribute Definition,
IOE,EML,04178-metadata.xml,Attribute Definition,
IOE,EML,04178-metadata.xml,Attribute Definition,
IOE,EML,04178-metadata.xml,Attribute Definition,
IOE,EML,04178-metadata.xml,Attribute Definition,
IOE,EML,04178-metadata.xml,Attribute Definition,
IOE,EML,04178-metadata.xml,Attribute Definition,
IOE,EML,04178-metadata.xml,Attribute Definition,
IOE,EML,04178-metadata.xml,Attribute Definition,
IOE,EML,04178-metadata.xml,Attribute Definition,
IOE,EML,04178-metadata.xml,Attribute Definition,
IOE,EML,04178-metadata.xml,Attribute Definition,
IOE,EML,04178-metadata.xml,Attribute Definition,
IOE,EML,04178-metadata.xml,Attribute Definition,
IOE,EML,04178-metadata.xml,Attribute Definition,
IOE,EML,04178-metadata.xml,Attribute Definition,
IOE,EML,04178-metadata.xml,Attribute Definition,
IOE,EML,04178-metadata.xml,Attribute Definition,
IOE,EML,04178-metadata.xml,Attribute Definition,
IOE,EML,04178-metadata.xml,Attribute Definition,
IOE,EML,04178-metadata.xml,Attribute Definition,
IOE,EML,04178-metadata.xml,Attribute Definition,
IOE,EML,04178-metadata.xml,Attribute Definition,
IOE,EML,04178-metadata.xml,Attribute Definition,
IOE,EML,04178-metadata.xml,Attribute Definition,
IOE,EML,04178-metadata.xml,Attribute Definition,
IOE,EML,04178-metadata.xml,Attribute Definition,
IOE,EML,04178-metadata.xml,Attribute Definition,
IOE,EML,04178-metadata.xml,Attribute Definition,
IOE,EML,04178-metadata.xml,Attribute Definition,
IOE,EML,04178-metadata.xml,Attribute Definition,
IOE,EML,04178-metadata.xml,Attribute Definition,
IOE,EML,04178-metadata.xml,Attribute Definition,
IOE,EML,04178-metadata.xml,Attribute Definition,
IOE,EML,04178-metadata.xml,Attribute Definition,
IOE,EML,04178-metadata.xml,Attribute Definition,
IOE,EML,04178-metadata.xml,Attribute Definition,
IOE,EML,04178-metadata.xml,Attribute Definition,
IOE,EML,04178-metadata.xml,Attribute Definition,
IOE,EML,04178-metadata.xml,Attribute Definition,
IOE,EML,04178-metadata.xml,Attribute Definition,
IOE,EML,04178-metadata.xml,Attribute Definition,
IOE,EML,04178-metadata.xml,Attribute Definition,
IOE,EML,04178-metadata.xml,Attribute Definition,
IOE,EML,04178-metadata.xml,Attribute Definition,
IOE,EML,04178-metadata.xml,Attribute Definition,
IOE,EML,04178-metadata.xml,Attribute Definition,
IOE,EML,04178-metadata.xml,Attribute Definition,
IOE,EML,04178-metadata.xml,Attribute Definition,
IOE,EML,04178-metadata.xml,Attribute Definition,
IOE,EML,04178-metadata.xml,Attribute Definition,
IOE,EML,04178-metadata.xml,Attribute Definition,
IOE,EML,04178-metadata.xml,Attribute Definition,
IOE,EML,04178-metadata.xml,Attribute Definition,
IOE,EML,04178-metadata.xml,Attribute Definition,
IOE,EML,04178-metadata.xml,Attribute Definition,
IOE,EML,04178-metadata.xml,Attribute Definition,
IOE,EML,04178-metadata.xml,Attribute Definition,
IOE,EML,04178-metadata.xml,Attribute Definition,
IOE,EML,04178-metadata.xml,Attribute Definition,
IOE,EML,04178-metadata.xml,Attribute Definition,
IOE,EML,04178-metadata.xml,Attribute Definition,
IOE,EML,04178-metadata.xml,Attribute Definition,
IOE,EML,04178-metadata.xml,Attribute Definition,
IOE,EML,04178-metadata.xml,Attribute Definition,
IOE,EML,04178-metadata.xml,Attribute Definition,
IOE,EML,04178-metadata.xml,Attribute Definition,
IOE,EML,04178-metadata.xml,Attribute Definition,
IOE,EML,04178-metadata.xml,Attribute Definition,
IOE,EML,04178-metadata.xml,Attribute Definition,
IOE,EML,04178-metadata.xml,Attribute Definition,
IOE,EML,04178-metadata.xml,Attribute Definition,
IOE,EML,04178-metadata.xml,Attribute Definition,
IOE,EML,04178-metadata.xml,Attribute Definition,
IOE,EML,04178-metadata.xml,Attribute Definition,
IOE,EML,04178-metadata.xml,Attribute Definition,
IOE,EML,04178-metadata.xml,Attribute Definition,
IOE,EML,04178-metadata.xml,Attribute Definition,
IOE,EML,04178-metadata.xml,Attribute List,
IOE,EML,04178-metadata.xml,Attribute List,
IOE,EML,04178-metadata.xml,Attribute List,
IOE,EML,04178-metadata.xml,Attribute List,
IOE,EML,04178-metadata.xml,Attribute List,
IOE,EML,04178-metadata.xml,Author,
IOE,EML,04178-metadata.xml,Author,
IOE,EML,04178-metadata.xml,Author / Originator,
IOE,EML,04178-metadata.xml,Author / Originator Identifier,
IOE,EML,04178-metadata.xml,Author / Originator Identifier,
IOE,EML,04178-metadata.xml,Author / Originator World Wide Web Address,
IOE,EML,04178-metadata.xml,Author / Originator World Wide Web Address,
IOE,EML,04178-metadata.xml,Bounding Box,
IOE,EML,04178-metadata.xml,Easternmost Longitude,
IOE,EML,04178-metadata.xml,Entity Type Definition,
IOE,EML,04178-metadata.xml,Entity Type Definition,
IOE,EML,04178-metadata.xml,Entity Type Definition,
IOE,EML,04178-metadata.xml,Entity Type Definition,
IOE,EML,04178-metadata.xml,Keyword,
IOE,EML,04178-metadata.xml,Keyword,
IOE,EML,04178-metadata.xml,Keyword,
IOE,EML,04178-metadata.xml,Keyword,
IOE,EML,04178-metadata.xml,Metadata Access Constraints,
IOE,EML,04178-metadata.xml,Metadata Access Constraints,
IOE,EML,04178-metadata.xml,Metadata Use Constraints,
IOE,EML,04178-metadata.xml,Metadata Use Constraints,
IOE,EML,04178-metadata.xml,Northernmost Latitude,
IOE,EML,04178-metadata.xml,Organization Name,
IOE,EML,04178-metadata.xml,Originating Organization,
IOE,EML,04178-metadata.xml,Project Name,
IOE,EML,04178-metadata.xml,Project Name,
IOE,EML,04178-metadata.xml,Resource Access Constraints,
IOE,EML,04178-metadata.xml,Resource Contact,
IOE,EML,04178-metadata.xml,Resource Format,
IOE,EML,04178-metadata.xml,Resource Format,
IOE,EML,04178-metadata.xml,Resource Format,
IOE,EML,04178-metadata.xml,Resource Format,
IOE,EML,04178-metadata.xml,Resource Format,
IOE,EML,04178-metadata.xml,Resource Identifier,
IOE,EML,04178-metadata.xml,Resource Identifier Type,
IOE,EML,04178-metadata.xml,Resource Identifier Type,
IOE,EML,04178-metadata.xml,Resource Long Name,
IOE,EML,04178-metadata.xml,Resource Long Name,
IOE,EML,04178-metadata.xml,Resource Status,
IOE,EML,04178-metadata.xml,Resource Status,
IOE,EML,04178-metadata.xml,Resource Title,
IOE,EML,04178-metadata.xml,Resource Use Constraints,
IOE,EML,04178-metadata.xml,Rights,
IOE,EML,04178-metadata.xml,Security Constraints,
IOE,EML,04178-metadata.xml,Southernmost Latitude,
IOE,EML,04178-metadata.xml,Spatial Extent,
IOE,EML,04178-metadata.xml,Theme Keyword,
IOE,EML,04178-metadata.xml,Theme Keyword,
IOE,EML,04178-metadata.xml,Theme Keyword,
IOE,EML,04178-metadata.xml,Theme Keyword,
IOE,EML,04178-metadata.xml,Westernmost Longitude,
IOE,EML,04179-metadata.xml,Abstract,
IOE,EML,04179-metadata.xml,Abstract,
IOE,EML,04179-metadata.xml,Author,
IOE,EML,04179-metadata.xml,Author,
IOE,EML,04179-metadata.xml,Author / Originator,
IOE,EML,04179-metadata.xml,Author / Originator Identifier,
IOE,EML,04179-metadata.xml,Author / Originator Identifier,
IOE,EML,04179-metadata.xml,Bounding Box,
IOE,EML,04179-metadata.xml,Easternmost Longitude,
IOE,EML,04179-metadata.xml,Keyword,
IOE,EML,04179-metadata.xml,Keyword,
IOE,EML,04179-metadata.xml,Keyword,
IOE,EML,04179-metadata.xml,Metadata Access Constraints,
IOE,EML,04179-metadata.xml,Metadata Access Constraints,
IOE,EML,04179-metadata.xml,Metadata Use Constraints,
IOE,EML,04179-metadata.xml,Metadata Use Constraints,
IOE,EML,04179-metadata.xml,Northernmost Latitude,
IOE,EML,04179-metadata.xml,Organization Name,
IOE,EML,04179-metadata.xml,Resource Access Constraints,
IOE,EML,04179-metadata.xml,Resource Contact,
IOE,EML,04179-metadata.xml,Resource Identifier,
IOE,EML,04179-metadata.xml,Resource Identifier Type,
IOE,EML,04179-metadata.xml,Resource Identifier Type,
IOE,EML,04179-metadata.xml,Resource Long Name,
IOE,EML,04179-metadata.xml,Resource Long Name,
IOE,EML,04179-metadata.xml,Resource Status,
IOE,EML,04179-metadata.xml,Resource Status,
IOE,EML,04179-metadata.xml,Resource Title,
IOE,EML,04179-metadata.xml,Resource Use Constraints,
IOE,EML,04179-metadata.xml,Rights,
IOE,EML,04179-metadata.xml,Security Constraints,
IOE,EML,04179-metadata.xml,Southernmost Latitude,
IOE,EML,04179-metadata.xml,Spatial Extent,
IOE,EML,04179-metadata.xml,Theme Keyword,
IOE,EML,04179-metadata.xml,Theme Keyword,
IOE,EML,04179-metadata.xml,Theme Keyword,
IOE,EML,04179-metadata.xml,Westernmost Longitude,
IOE,EML,04180-metadata.xml,Abstract,
IOE,EML,04180-metadata.xml,Abstract,
IOE,EML,04180-metadata.xml,Author,
IOE,EML,04180-metadata.xml,Author,
IOE,EML,04180-metadata.xml,Author,
IOE,EML,04180-metadata.xml,Author,
IOE,EML,04180-metadata.xml,Author / Originator,
IOE,EML,04180-metadata.xml,Author / Originator,
IOE,EML,04180-metadata.xml,Author / Originator Identifier,
IOE,EML,04180-metadata.xml,Author / Originator Identifier,
IOE,EML,04180-metadata.xml,Author / Originator Identifier,
IOE,EML,04180-metadata.xml,Author / Originator Identifier,
IOE,EML,04180-metadata.xml,Bounding Box,
IOE,EML,04180-metadata.xml,Bounding Box,
IOE,EML,04180-metadata.xml,Bounding Box,
IOE,EML,04180-metadata.xml,Bounding Box,
IOE,EML,04180-metadata.xml,Bounding Box,
IOE,EML,04180-metadata.xml,Bounding Box,
IOE,EML,04180-metadata.xml,Bounding Box,
IOE,EML,04180-metadata.xml,Bounding Box,
IOE,EML,04180-metadata.xml,Bounding Box,
IOE,EML,04180-metadata.xml,Bounding Box,
IOE,EML,04180-metadata.xml,Bounding Box,
IOE,EML,04180-metadata.xml,Bounding Box,
IOE,EML,04180-metadata.xml,Bounding Box,
IOE,EML,04180-metadata.xml,Bounding Box,
IOE,EML,04180-metadata.xml,Bounding Box,
IOE,EML,04180-metadata.xml,Bounding Box,
IOE,EML,04180-metadata.xml,Bounding Box,
IOE,EML,04180-metadata.xml,Bounding Box,
IOE,EML,04180-metadata.xml,Bounding Box,
IOE,EML,04180-metadata.xml,Bounding Box,
IOE,EML,04180-metadata.xml,Bounding Box,
IOE,EML,04180-metadata.xml,Bounding Box,
IOE,EML,04180-metadata.xml,Bounding Box,
IOE,EML,04180-metadata.xml,Bounding Box,
IOE,EML,04180-metadata.xml,Bounding Box,
IOE,EML,04180-metadata.xml,Easternmost Longitude,
IOE,EML,04180-metadata.xml,Easternmost Longitude,
IOE,EML,04180-metadata.xml,Easternmost Longitude,
IOE,EML,04180-metadata.xml,Easternmost Longitude,
IOE,EML,04180-metadata.xml,Easternmost Longitude,
IOE,EML,04180-metadata.xml,Easternmost Longitude,
IOE,EML,04180-metadata.xml,Easternmost Longitude,
IOE,EML,04180-metadata.xml,Easternmost Longitude,
IOE,EML,04180-metadata.xml,Easternmost Longitude,
IOE,EML,04180-metadata.xml,Easternmost Longitude,
IOE,EML,04180-metadata.xml,Easternmost Longitude,
IOE,EML,04180-metadata.xml,Easternmost Longitude,
IOE,EML,04180-metadata.xml,Easternmost Longitude,
IOE,EML,04180-metadata.xml,Easternmost Longitude,
IOE,EML,04180-metadata.xml,Easternmost Longitude,
IOE,EML,04180-metadata.xml,Easternmost Longitude,
IOE,EML,04180-metadata.xml,Easternmost Longitude,
IOE,EML,04180-metadata.xml,Easternmost Longitude,
IOE,EML,04180-metadata.xml,Easternmost Longitude,
IOE,EML,04180-metadata.xml,Easternmost Longitude,
IOE,EML,04180-metadata.xml,Easternmost Longitude,
IOE,EML,04180-metadata.xml,Easternmost Longitude,
IOE,EML,04180-metadata.xml,Easternmost Longitude,
IOE,EML,04180-metadata.xml,Easternmost Longitude,
IOE,EML,04180-metadata.xml,Easternmost Longitude,
IOE,EML,04180-metadata.xml,Keyword,
IOE,EML,04180-metadata.xml,Keyword,
IOE,EML,04180-metadata.xml,Keyword,
IOE,EML,04180-metadata.xml,Keyword,
IOE,EML,04180-metadata.xml,Keyword,
IOE,EML,04180-metadata.xml,Keyword,
IOE,EML,04180-metadata.xml,Keyword,
IOE,EML,04180-metadata.xml,Metadata Access Constraints,
IOE,EML,04180-metadata.xml,Metadata Access Constraints,
IOE,EML,04180-metadata.xml,Metadata Use Constraints,
IOE,EML,04180-metadata.xml,Metadata Use Constraints,
IOE,EML,04180-metadata.xml,Northernmost Latitude,
IOE,EML,04180-metadata.xml,Northernmost Latitude,
IOE,EML,04180-metadata.xml,Northernmost Latitude,
IOE,EML,04180-metadata.xml,Northernmost Latitude,
IOE,EML,04180-metadata.xml,Northernmost Latitude,
IOE,EML,04180-metadata.xml,Northernmost Latitude,
IOE,EML,04180-metadata.xml,Northernmost Latitude,
IOE,EML,04180-metadata.xml,Northernmost Latitude,
IOE,EML,04180-metadata.xml,Northernmost Latitude,
IOE,EML,04180-metadata.xml,Northernmost Latitude,
IOE,EML,04180-metadata.xml,Northernmost Latitude,
IOE,EML,04180-metadata.xml,Northernmost Latitude,
IOE,EML,04180-metadata.xml,Northernmost Latitude,
IOE,EML,04180-metadata.xml,Northernmost Latitude,
IOE,EML,04180-metadata.xml,Northernmost Latitude,
IOE,EML,04180-metadata.xml,Northernmost Latitude,
IOE,EML,04180-metadata.xml,Northernmost Latitude,
IOE,EML,04180-metadata.xml,Northernmost Latitude,
IOE,EML,04180-metadata.xml,Northernmost Latitude,
IOE,EML,04180-metadata.xml,Northernmost Latitude,
IOE,EML,04180-metadata.xml,Northernmost Latitude,
IOE,EML,04180-metadata.xml,Northernmost Latitude,
IOE,EML,04180-metadata.xml,Northernmost Latitude,
IOE,EML,04180-metadata.xml,Northernmost Latitude,
IOE,EML,04180-metadata.xml,Northernmost Latitude,
IOE,EML,04180-metadata.xml,Organization Name,
IOE,EML,04180-metadata.xml,Organization Name,
IOE,EML,04180-metadata.xml,Organization Name,
IOE,EML,04180-metadata.xml,Originating Organization,
IOE,EML,04180-metadata.xml,Originating Organization,
IOE,EML,04180-metadata.xml,Resource Access Constraints,
IOE,EML,04180-metadata.xml,Resource Contact,
IOE,EML,04180-metadata.xml,Resource Identifier,
IOE,EML,04180-metadata.xml,Resource Identifier Type,
IOE,EML,04180-metadata.xml,Resource Identifier Type,
IOE,EML,04180-metadata.xml,Resource Long Name,
IOE,EML,04180-metadata.xml,Resource Long Name,
IOE,EML,04180-metadata.xml,Resource Status,
IOE,EML,04180-metadata.xml,Resource Status,
IOE,EML,04180-metadata.xml,Resource Title,
IOE,EML,04180-metadata.xml,Resource Use Constraints,
IOE,EML,04180-metadata.xml,Rights,
IOE,EML,04180-metadata.xml,Security Constraints,
IOE,EML,04180-metadata.xml,Southernmost Latitude,
IOE,EML,04180-metadata.xml,Southernmost Latitude,
IOE,EML,04180-metadata.xml,Southernmost Latitude,
IOE,EML,04180-metadata.xml,Southernmost Latitude,
IOE,EML,04180-metadata.xml,Southernmost Latitude,
IOE,EML,04180-metadata.xml,Southernmost Latitude,
IOE,EML,04180-metadata.xml,Southernmost Latitude,
IOE,EML,04180-metadata.xml,Southernmost Latitude,
IOE,EML,04180-metadata.xml,Southernmost Latitude,
IOE,EML,04180-metadata.xml,Southernmost Latitude,
IOE,EML,04180-metadata.xml,Southernmost Latitude,
IOE,EML,04180-metadata.xml,Southernmost Latitude,
IOE,EML,04180-metadata.xml,Southernmost Latitude,
IOE,EML,04180-metadata.xml,Southernmost Latitude,
IOE,EML,04180-metadata.xml,Southernmost Latitude,
IOE,EML,04180-metadata.xml,Southernmost Latitude,
IOE,EML,04180-metadata.xml,Southernmost Latitude,
IOE,EML,04180-metadata.xml,Southernmost Latitude,
IOE,EML,04180-metadata.xml,Southernmost Latitude,
IOE,EML,04180-metadata.xml,Southernmost Latitude,
IOE,EML,04180-metadata.xml,Southernmost Latitude,
IOE,EML,04180-metadata.xml,Southernmost Latitude,
IOE,EML,04180-metadata.xml,Southernmost Latitude,
IOE,EML,04180-metadata.xml,Southernmost Latitude,
IOE,EML,04180-metadata.xml,Southernmost Latitude,
IOE,EML,04180-metadata.xml,Spatial Extent,
IOE,EML,04180-metadata.xml,Spatial Extent,
IOE,EML,04180-metadata.xml,Spatial Extent,
IOE,EML,04180-metadata.xml,Spatial Extent,
IOE,EML,04180-metadata.xml,Spatial Extent,
IOE,EML,04180-metadata.xml,Spatial Extent,
IOE,EML,04180-metadata.xml,Spatial Extent,
IOE,EML,04180-metadata.xml,Spatial Extent,
IOE,EML,04180-metadata.xml,Spatial Extent,
IOE,EML,04180-metadata.xml,Spatial Extent,
IOE,EML,04180-metadata.xml,Spatial Extent,
IOE,EML,04180-metadata.xml,Spatial Extent,
IOE,EML,04180-metadata.xml,Spatial Extent,
IOE,EML,04180-metadata.xml,Spatial Extent,
IOE,EML,04180-metadata.xml,Spatial Extent,
IOE,EML,04180-metadata.xml,Spatial Extent,
IOE,EML,04180-metadata.xml,Spatial Extent,
IOE,EML,04180-metadata.xml,Spatial Extent,
IOE,EML,04180-metadata.xml,Spatial Extent,
IOE,EML,04180-metadata.xml,Spatial Extent,
IOE,EML,04180-metadata.xml,Spatial Extent,
IOE,EML,04180-metadata.xml,Spatial Extent,
IOE,EML,04180-metadata.xml,Spatial Extent,
IOE,EML,04180-metadata.xml,Spatial Extent,
IOE,EML,04180-metadata.xml,Spatial Extent,
IOE,EML,04180-metadata.xml,Theme Keyword,
IOE,EML,04180-metadata.xml,Theme Keyword,
IOE,EML,04180-metadata.xml,Theme Keyword,
IOE,EML,04180-metadata.xml,Theme Keyword,
IOE,EML,04180-metadata.xml,Theme Keyword,
IOE,EML,04180-metadata.xml,Theme Keyword,
IOE,EML,04180-metadata.xml,Theme Keyword,
IOE,EML,04180-metadata.xml,Westernmost Longitude,
IOE,EML,04180-metadata.xml,Westernmost Longitude,
IOE,EML,04180-metadata.xml,Westernmost Longitude,
IOE,EML,04180-metadata.xml,Westernmost Longitude,
IOE,EML,04180-metadata.xml,Westernmost Longitude,
IOE,EML,04180-metadata.xml,Westernmost Longitude,
IOE,EML,04180-metadata.xml,Westernmost Longitude,
IOE,EML,04180-metadata.xml,Westernmost Longitude,
IOE,EML,04180-metadata.xml,Westernmost Longitude,
IOE,EML,04180-metadata.xml,Westernmost Longitude,
IOE,EML,04180-metadata.xml,Westernmost Longitude,
IOE,EML,04180-metadata.xml,Westernmost Longitude,
IOE,EML,04180-metadata.xml,Westernmost Longitude,
IOE,EML,04180-metadata.xml,Westernmost Longitude,
IOE,EML,04180-metadata.xml,Westernmost Longitude,
IOE,EML,04180-metadata.xml,Westernmost Longitude,
IOE,EML,04180-metadata.xml,Westernmost Longitude,
IOE,EML,04180-metadata.xml,Westernmost Longitude,
IOE,EML,04180-metadata.xml,Westernmost Longitude,
IOE,EML,04180-metadata.xml,Westernmost Longitude,
IOE,EML,04180-metadata.xml,Westernmost Longitude,
IOE,EML,04180-metadata.xml,Westernmost Longitude,
IOE,EML,04180-metadata.xml,Westernmost Longitude,
IOE,EML,04180-metadata.xml,Westernmost Longitude,
IOE,EML,04180-metadata.xml,Westernmost Longitude,
IOE,EML,04181-metadata.xml,Abstract,
IOE,EML,04181-metadata.xml,Abstract,
IOE,EML,04181-metadata.xml,Attribute Definition,
IOE,EML,04181-metadata.xml,Attribute Definition,
IOE,EML,04181-metadata.xml,Attribute Definition,
IOE,EML,04181-metadata.xml,Attribute Definition,
IOE,EML,04181-metadata.xml,Attribute Definition,
IOE,EML,04181-metadata.xml,Attribute Definition,
IOE,EML,04181-metadata.xml,Attribute Definition,
IOE,EML,04181-metadata.xml,Attribute Definition,
IOE,EML,04181-metadata.xml,Attribute Definition,
IOE,EML,04181-metadata.xml,Attribute Definition,
IOE,EML,04181-metadata.xml,Attribute Definition,
IOE,EML,04181-metadata.xml,Attribute Definition,
IOE,EML,04181-metadata.xml,Attribute Definition,
IOE,EML,04181-metadata.xml,Attribute Definition,
IOE,EML,04181-metadata.xml,Attribute Definition,
IOE,EML,04181-metadata.xml,Attribute Definition,
IOE,EML,04181-metadata.xml,Attribute Definition,
IOE,EML,04181-metadata.xml,Attribute Definition,
IOE,EML,04181-metadata.xml,Attribute Definition,
IOE,EML,04181-metadata.xml,Attribute Definition,
IOE,EML,04181-metadata.xml,Attribute Definition,
IOE,EML,04181-metadata.xml,Attribute Definition,
IOE,EML,04181-metadata.xml,Attribute Definition,
IOE,EML,04181-metadata.xml,Attribute Definition,
IOE,EML,04181-metadata.xml,Attribute Definition,
IOE,EML,04181-metadata.xml,Attribute List,
IOE,EML,04181-metadata.xml,Author,
IOE,EML,04181-metadata.xml,Author,
IOE,EML,04181-metadata.xml,Author / Originator,
IOE,EML,04181-metadata.xml,Author / Originator Identifier,
IOE,EML,04181-metadata.xml,Author / Originator Identifier,
IOE,EML,04181-metadata.xml,Author / Originator World Wide Web Address,
IOE,EML,04181-metadata.xml,Author / Originator World Wide Web Address,
IOE,EML,04181-metadata.xml,Bounding Box,
IOE,EML,04181-metadata.xml,Easternmost Longitude,
IOE,EML,04181-metadata.xml,End Time,
IOE,EML,04181-metadata.xml,Keyword,
IOE,EML,04181-metadata.xml,Keyword,
IOE,EML,04181-metadata.xml,Keyword,
IOE,EML,04181-metadata.xml,Metadata Access Constraints,
IOE,EML,04181-metadata.xml,Metadata Access Constraints,
IOE,EML,04181-metadata.xml,Metadata Use Constraints,
IOE,EML,04181-metadata.xml,Metadata Use Constraints,
IOE,EML,04181-metadata.xml,Northernmost Latitude,
IOE,EML,04181-metadata.xml,Organization Name,
IOE,EML,04181-metadata.xml,Originating Organization,
IOE,EML,04181-metadata.xml,Project Name,
IOE,EML,04181-metadata.xml,Project Name,
IOE,EML,04181-metadata.xml,Resource Access Constraints,
IOE,EML,04181-metadata.xml,Resource Contact,
IOE,EML,04181-metadata.xml,Resource Format,
IOE,EML,04181-metadata.xml,Resource Identifier,
IOE,EML,04181-metadata.xml,Resource Identifier Type,
IOE,EML,04181-metadata.xml,Resource Identifier Type,
IOE,EML,04181-metadata.xml,Resource Long Name,
IOE,EML,04181-metadata.xml,Resource Long Name,
IOE,EML,04181-metadata.xml,Resource Status,
IOE,EML,04181-metadata.xml,Resource Status,
IOE,EML,04181-metadata.xml,Resource Title,
IOE,EML,04181-metadata.xml,Resource Use Constraints,
IOE,EML,04181-metadata.xml,Rights,
IOE,EML,04181-metadata.xml,Security Constraints,
IOE,EML,04181-metadata.xml,Southernmost Latitude,
IOE,EML,04181-metadata.xml,Spatial Extent,
IOE,EML,04181-metadata.xml,Start Time,
IOE,EML,04181-metadata.xml,Temporal Extent,
IOE,EML,04181-metadata.xml,Theme Keyword,
IOE,EML,04181-metadata.xml,Theme Keyword,
IOE,EML,04181-metadata.xml,Theme Keyword,
IOE,EML,04181-metadata.xml,Westernmost Longitude,
IOE,EML,04182-metadata.xml,Abstract,
IOE,EML,04182-metadata.xml,Abstract,
IOE,EML,04182-metadata.xml,Author,
IOE,EML,04182-metadata.xml,Author,
IOE,EML,04182-metadata.xml,Author,
IOE,EML,04182-metadata.xml,Author,
IOE,EML,04182-metadata.xml,Author,
IOE,EML,04182-metadata.xml,Author,
IOE,EML,04182-metadata.xml,Author / Originator,
IOE,EML,04182-metadata.xml,Author / Originator,
IOE,EML,04182-metadata.xml,Author / Originator,
IOE,EML,04182-metadata.xml,Author / Originator Identifier,
IOE,EML,04182-metadata.xml,Author / Originator Identifier,
IOE,EML,04182-metadata.xml,Author / Originator Identifier,
IOE,EML,04182-metadata.xml,Author / Originator Identifier,
IOE,EML,04182-metadata.xml,Author / Originator Identifier,
IOE,EML,04182-metadata.xml,Author / Originator Identifier,
IOE,EML,04182-metadata.xml,Bounding Box,
IOE,EML,04182-metadata.xml,Easternmost Longitude,
IOE,EML,04182-metadata.xml,Keyword,
IOE,EML,04182-metadata.xml,Keyword,
IOE,EML,04182-metadata.xml,Keyword,
IOE,EML,04182-metadata.xml,Metadata Access Constraints,
IOE,EML,04182-metadata.xml,Metadata Access Constraints,
IOE,EML,04182-metadata.xml,Metadata Use Constraints,
IOE,EML,04182-metadata.xml,Metadata Use Constraints,
IOE,EML,04182-metadata.xml,Northernmost Latitude,
IOE,EML,04182-metadata.xml,Organization Name,
IOE,EML,04182-metadata.xml,Resource Access Constraints,
IOE,EML,04182-metadata.xml,Resource Contact,
IOE,EML,04182-metadata.xml,Resource Identifier,
IOE,EML,04182-metadata.xml,Resource Identifier Type,
IOE,EML,04182-metadata.xml,Resource Identifier Type,
IOE,EML,04182-metadata.xml,Resource Long Name,
IOE,EML,04182-metadata.xml,Resource Long Name,
IOE,EML,04182-metadata.xml,Resource Status,
IOE,EML,04182-metadata.xml,Resource Status,
IOE,EML,04182-metadata.xml,Resource Title,
IOE,EML,04182-metadata.xml,Resource Use Constraints,
IOE,EML,04182-metadata.xml,Rights,
IOE,EML,04182-metadata.xml,Security Constraints,
IOE,EML,04182-metadata.xml,Southernmost Latitude,
IOE,EML,04182-metadata.xml,Spatial Extent,
IOE,EML,04182-metadata.xml,Taxonomic Extent,
IOE,EML,04182-metadata.xml,Theme Keyword,
IOE,EML,04182-metadata.xml,Theme Keyword,
IOE,EML,04182-metadata.xml,Theme Keyword,
IOE,EML,04182-metadata.xml,Westernmost Longitude,
IOE,EML,04183-metadata.xml,Abstract,
IOE,EML,04183-metadata.xml,Abstract,
IOE,EML,04183-metadata.xml,Author,
IOE,EML,04183-metadata.xml,Author,
IOE,EML,04183-metadata.xml,Author,
IOE,EML,04183-metadata.xml,Author,
IOE,EML,04183-metadata.xml,Author / Originator,
IOE,EML,04183-metadata.xml,Author / Originator,
IOE,EML,04183-metadata.xml,Author / Originator Identifier,
IOE,EML,04183-metadata.xml,Author / Originator Identifier,
IOE,EML,04183-metadata.xml,Author / Originator Identifier,
IOE,EML,04183-metadata.xml,Author / Originator Identifier,
IOE,EML,04183-metadata.xml,Bounding Box,
IOE,EML,04183-metadata.xml,Easternmost Longitude,
IOE,EML,04183-metadata.xml,Keyword,
IOE,EML,04183-metadata.xml,Keyword,
IOE,EML,04183-metadata.xml,Keyword,
IOE,EML,04183-metadata.xml,Metadata Access Constraints,
IOE,EML,04183-metadata.xml,Metadata Access Constraints,
IOE,EML,04183-metadata.xml,Metadata Use Constraints,
IOE,EML,04183-metadata.xml,Metadata Use Constraints,
IOE,EML,04183-metadata.xml,Northernmost Latitude,
IOE,EML,04183-metadata.xml,Organization Name,
IOE,EML,04183-metadata.xml,Organization Name,
IOE,EML,04183-metadata.xml,Originating Organization,
IOE,EML,04183-metadata.xml,Resource Access Constraints,
IOE,EML,04183-metadata.xml,Resource Contact,
IOE,EML,04183-metadata.xml,Resource Contact,
IOE,EML,04183-metadata.xml,Resource Identifier,
IOE,EML,04183-metadata.xml,Resource Identifier Type,
IOE,EML,04183-metadata.xml,Resource Identifier Type,
IOE,EML,04183-metadata.xml,Resource Long Name,
IOE,EML,04183-metadata.xml,Resource Long Name,
IOE,EML,04183-metadata.xml,Resource Status,
IOE,EML,04183-metadata.xml,Resource Status,
IOE,EML,04183-metadata.xml,Resource Title,
IOE,EML,04183-metadata.xml,Resource Use Constraints,
IOE,EML,04183-metadata.xml,Rights,
IOE,EML,04183-metadata.xml,Security Constraints,
IOE,EML,04183-metadata.xml,Southernmost Latitude,
IOE,EML,04183-metadata.xml,Spatial Extent,
IOE,EML,04183-metadata.xml,Theme Keyword,
IOE,EML,04183-metadata.xml,Theme Keyword,
IOE,EML,04183-metadata.xml,Theme Keyword,
IOE,EML,04183-metadata.xml,Westernmost Longitude,
IOE,EML,04184-metadata.xml,Abstract,
IOE,EML,04184-metadata.xml,Abstract,
IOE,EML,04184-metadata.xml,Author,
IOE,EML,04184-metadata.xml,Author,
IOE,EML,04184-metadata.xml,Author,
IOE,EML,04184-metadata.xml,Author,
IOE,EML,04184-metadata.xml,Author / Originator,
IOE,EML,04184-metadata.xml,Author / Originator,
IOE,EML,04184-metadata.xml,Author / Originator Identifier,
IOE,EML,04184-metadata.xml,Author / Originator Identifier,
IOE,EML,04184-metadata.xml,Author / Originator Identifier,
IOE,EML,04184-metadata.xml,Author / Originator Identifier,
IOE,EML,04184-metadata.xml,Bounding Box,
IOE,EML,04184-metadata.xml,Easternmost Longitude,
IOE,EML,04184-metadata.xml,Keyword,
IOE,EML,04184-metadata.xml,Keyword,
IOE,EML,04184-metadata.xml,Keyword,
IOE,EML,04184-metadata.xml,Metadata Access Constraints,
IOE,EML,04184-metadata.xml,Metadata Access Constraints,
IOE,EML,04184-metadata.xml,Metadata Use Constraints,
IOE,EML,04184-metadata.xml,Metadata Use Constraints,
IOE,EML,04184-metadata.xml,Northernmost Latitude,
IOE,EML,04184-metadata.xml,Organization Name,
IOE,EML,04184-metadata.xml,Organization Name,
IOE,EML,04184-metadata.xml,Originating Organization,
IOE,EML,04184-metadata.xml,Resource Access Constraints,
IOE,EML,04184-metadata.xml,Resource Contact,
IOE,EML,04184-metadata.xml,Resource Identifier,
IOE,EML,04184-metadata.xml,Resource Identifier Type,
IOE,EML,04184-metadata.xml,Resource Identifier Type,
IOE,EML,04184-metadata.xml,Resource Long Name,
IOE,EML,04184-metadata.xml,Resource Long Name,
IOE,EML,04184-metadata.xml,Resource Status,
IOE,EML,04184-metadata.xml,Resource Status,
IOE,EML,04184-metadata.xml,Resource Title,
IOE,EML,04184-metadata.xml,Resource Use Constraints,
IOE,EML,04184-metadata.xml,Rights,
IOE,EML,04184-metadata.xml,Security Constraints,
IOE,EML,04184-metadata.xml,Southernmost Latitude,
IOE,EML,04184-metadata.xml,Spatial Extent,
IOE,EML,04184-metadata.xml,Theme Keyword,
IOE,EML,04184-metadata.xml,Theme Keyword,
IOE,EML,04184-metadata.xml,Theme Keyword,
IOE,EML,04184-metadata.xml,Westernmost Longitude,
IOE,EML,04185-metadata.xml,Abstract,
IOE,EML,04185-metadata.xml,Abstract,
IOE,EML,04185-metadata.xml,Author,
IOE,EML,04185-metadata.xml,Author,
IOE,EML,04185-metadata.xml,Author,
IOE,EML,04185-metadata.xml,Author,
IOE,EML,04185-metadata.xml,Author,
IOE,EML,04185-metadata.xml,Author,
IOE,EML,04185-metadata.xml,Author / Originator,
IOE,EML,04185-metadata.xml,Author / Originator,
IOE,EML,04185-metadata.xml,Author / Originator,
IOE,EML,04185-metadata.xml,Author / Originator Identifier,
IOE,EML,04185-metadata.xml,Author / Originator Identifier,
IOE,EML,04185-metadata.xml,Author / Originator Identifier,
IOE,EML,04185-metadata.xml,Author / Originator Identifier,
IOE,EML,04185-metadata.xml,Author / Originator Identifier,
IOE,EML,04185-metadata.xml,Author / Originator Identifier,
IOE,EML,04185-metadata.xml,Bounding Box,
IOE,EML,04185-metadata.xml,Easternmost Longitude,
IOE,EML,04185-metadata.xml,Keyword,
IOE,EML,04185-metadata.xml,Keyword,
IOE,EML,04185-metadata.xml,Keyword,
IOE,EML,04185-metadata.xml,Keyword,
IOE,EML,04185-metadata.xml,Keyword,
IOE,EML,04185-metadata.xml,Keyword,
IOE,EML,04185-metadata.xml,Keyword,
IOE,EML,04185-metadata.xml,Metadata Access Constraints,
IOE,EML,04185-metadata.xml,Metadata Access Constraints,
IOE,EML,04185-metadata.xml,Metadata Use Constraints,
IOE,EML,04185-metadata.xml,Metadata Use Constraints,
IOE,EML,04185-metadata.xml,Northernmost Latitude,
IOE,EML,04185-metadata.xml,Organization Name,
IOE,EML,04185-metadata.xml,Organization Name,
IOE,EML,04185-metadata.xml,Organization Name,
IOE,EML,04185-metadata.xml,Originating Organization,
IOE,EML,04185-metadata.xml,Originating Organization,
IOE,EML,04185-metadata.xml,Resource Access Constraints,
IOE,EML,04185-metadata.xml,Resource Contact,
IOE,EML,04185-metadata.xml,Resource Identifier,
IOE,EML,04185-metadata.xml,Resource Identifier Type,
IOE,EML,04185-metadata.xml,Resource Identifier Type,
IOE,EML,04185-metadata.xml,Resource Long Name,
IOE,EML,04185-metadata.xml,Resource Long Name,
IOE,EML,04185-metadata.xml,Resource Status,
IOE,EML,04185-metadata.xml,Resource Status,
IOE,EML,04185-metadata.xml,Resource Title,
IOE,EML,04185-metadata.xml,Resource Use Constraints,
IOE,EML,04185-metadata.xml,Rights,
IOE,EML,04185-metadata.xml,Security Constraints,
IOE,EML,04185-metadata.xml,Southernmost Latitude,
IOE,EML,04185-metadata.xml,Spatial Extent,
IOE,EML,04185-metadata.xml,Taxonomic Extent,
IOE,EML,04185-metadata.xml,Theme Keyword,
IOE,EML,04185-metadata.xml,Theme Keyword,
IOE,EML,04185-metadata.xml,Theme Keyword,
IOE,EML,04185-metadata.xml,Theme Keyword,
IOE,EML,04185-metadata.xml,Theme Keyword,
IOE,EML,04185-metadata.xml,Theme Keyword,
IOE,EML,04185-metadata.xml,Theme Keyword,
IOE,EML,04185-metadata.xml,Westernmost Longitude,
IOE,EML,04186-metadata.xml,Abstract,
IOE,EML,04186-metadata.xml,Abstract,
IOE,EML,04186-metadata.xml,Author,
IOE,EML,04186-metadata.xml,Author,
IOE,EML,04186-metadata.xml,Author,
IOE,EML,04186-metadata.xml,Author,
IOE,EML,04186-metadata.xml,Author,
IOE,EML,04186-metadata.xml,Author,
IOE,EML,04186-metadata.xml,Author / Originator,
IOE,EML,04186-metadata.xml,Author / Originator,
IOE,EML,04186-metadata.xml,Author / Originator,
IOE,EML,04186-metadata.xml,Author / Originator Identifier,
IOE,EML,04186-metadata.xml,Author / Originator Identifier,
IOE,EML,04186-metadata.xml,Author / Originator Identifier,
IOE,EML,04186-metadata.xml,Author / Originator Identifier,
IOE,EML,04186-metadata.xml,Author / Originator Identifier,
IOE,EML,04186-metadata.xml,Author / Originator Identifier,
IOE,EML,04186-metadata.xml,Bounding Box,
IOE,EML,04186-metadata.xml,Easternmost Longitude,
IOE,EML,04186-metadata.xml,Keyword,
IOE,EML,04186-metadata.xml,Keyword,
IOE,EML,04186-metadata.xml,Keyword,
IOE,EML,04186-metadata.xml,Keyword,
IOE,EML,04186-metadata.xml,Keyword,
IOE,EML,04186-metadata.xml,Metadata Access Constraints,
IOE,EML,04186-metadata.xml,Metadata Access Constraints,
IOE,EML,04186-metadata.xml,Metadata Use Constraints,
IOE,EML,04186-metadata.xml,Metadata Use Constraints,
IOE,EML,04186-metadata.xml,Northernmost Latitude,
IOE,EML,04186-metadata.xml,Organization Name,
IOE,EML,04186-metadata.xml,Resource Access Constraints,
IOE,EML,04186-metadata.xml,Resource Contact,
IOE,EML,04186-metadata.xml,Resource Identifier,
IOE,EML,04186-metadata.xml,Resource Identifier Type,
IOE,EML,04186-metadata.xml,Resource Identifier Type,
IOE,EML,04186-metadata.xml,Resource Long Name,
IOE,EML,04186-metadata.xml,Resource Long Name,
IOE,EML,04186-metadata.xml,Resource Status,
IOE,EML,04186-metadata.xml,Resource Status,
IOE,EML,04186-metadata.xml,Resource Title,
IOE,EML,04186-metadata.xml,Resource Use Constraints,
IOE,EML,04186-metadata.xml,Rights,
IOE,EML,04186-metadata.xml,Security Constraints,
IOE,EML,04186-metadata.xml,Southernmost Latitude,
IOE,EML,04186-metadata.xml,Spatial Extent,
IOE,EML,04186-metadata.xml,Theme Keyword,
IOE,EML,04186-metadata.xml,Theme Keyword,
IOE,EML,04186-metadata.xml,Theme Keyword,
IOE,EML,04186-metadata.xml,Theme Keyword,
IOE,EML,04186-metadata.xml,Theme Keyword,
IOE,EML,04186-metadata.xml,Westernmost Longitude,
IOE,EML,04187-metadata.xml,Abstract,
IOE,EML,04187-metadata.xml,Abstract,
IOE,EML,04187-metadata.xml,Author,
IOE,EML,04187-metadata.xml,Author,
IOE,EML,04187-metadata.xml,Author,
IOE,EML,04187-metadata.xml,Author,
IOE,EML,04187-metadata.xml,Author,
IOE,EML,04187-metadata.xml,Author,
IOE,EML,04187-metadata.xml,Author / Originator,
IOE,EML,04187-metadata.xml,Author / Originator,
IOE,EML,04187-metadata.xml,Author / Originator,
IOE,EML,04187-metadata.xml,Author / Originator Identifier,
IOE,EML,04187-metadata.xml,Author / Originator Identifier,
IOE,EML,04187-metadata.xml,Author / Originator Identifier,
IOE,EML,04187-metadata.xml,Author / Originator Identifier,
IOE,EML,04187-metadata.xml,Author / Originator Identifier,
IOE,EML,04187-metadata.xml,Author / Originator Identifier,
IOE,EML,04187-metadata.xml,Bounding Box,
IOE,EML,04187-metadata.xml,Bounding Box,
IOE,EML,04187-metadata.xml,Bounding Box,
IOE,EML,04187-metadata.xml,Easternmost Longitude,
IOE,EML,04187-metadata.xml,Easternmost Longitude,
IOE,EML,04187-metadata.xml,Easternmost Longitude,
IOE,EML,04187-metadata.xml,Keyword,
IOE,EML,04187-metadata.xml,Keyword,
IOE,EML,04187-metadata.xml,Keyword,
IOE,EML,04187-metadata.xml,Metadata Access Constraints,
IOE,EML,04187-metadata.xml,Metadata Access Constraints,
IOE,EML,04187-metadata.xml,Metadata Use Constraints,
IOE,EML,04187-metadata.xml,Metadata Use Constraints,
IOE,EML,04187-metadata.xml,Northernmost Latitude,
IOE,EML,04187-metadata.xml,Northernmost Latitude,
IOE,EML,04187-metadata.xml,Northernmost Latitude,
IOE,EML,04187-metadata.xml,Organization Name,
IOE,EML,04187-metadata.xml,Resource Access Constraints,
IOE,EML,04187-metadata.xml,Resource Contact,
IOE,EML,04187-metadata.xml,Resource Identifier,
IOE,EML,04187-metadata.xml,Resource Identifier Type,
IOE,EML,04187-metadata.xml,Resource Identifier Type,
IOE,EML,04187-metadata.xml,Resource Long Name,
IOE,EML,04187-metadata.xml,Resource Long Name,
IOE,EML,04187-metadata.xml,Resource Status,
IOE,EML,04187-metadata.xml,Resource Status,
IOE,EML,04187-metadata.xml,Resource Title,
IOE,EML,04187-metadata.xml,Resource Use Constraints,
IOE,EML,04187-metadata.xml,Rights,
IOE,EML,04187-metadata.xml,Security Constraints,
IOE,EML,04187-metadata.xml,Southernmost Latitude,
IOE,EML,04187-metadata.xml,Southernmost Latitude,
IOE,EML,04187-metadata.xml,Southernmost Latitude,
IOE,EML,04187-metadata.xml,Spatial Extent,
IOE,EML,04187-metadata.xml,Spatial Extent,
IOE,EML,04187-metadata.xml,Spatial Extent,
IOE,EML,04187-metadata.xml,Theme Keyword,
IOE,EML,04187-metadata.xml,Theme Keyword,
IOE,EML,04187-metadata.xml,Theme Keyword,
IOE,EML,04187-metadata.xml,Westernmost Longitude,
IOE,EML,04187-metadata.xml,Westernmost Longitude,
IOE,EML,04187-metadata.xml,Westernmost Longitude,
IOE,EML,04188-metadata.xml,Abstract,
IOE,EML,04188-metadata.xml,Abstract,
IOE,EML,04188-metadata.xml,Author,
IOE,EML,04188-metadata.xml,Author,
IOE,EML,04188-metadata.xml,Author,
IOE,EML,04188-metadata.xml,Author,
IOE,EML,04188-metadata.xml,Author,
IOE,EML,04188-metadata.xml,Author,
IOE,EML,04188-metadata.xml,Author,
IOE,EML,04188-metadata.xml,Author,
IOE,EML,04188-metadata.xml,Author / Originator,
IOE,EML,04188-metadata.xml,Author / Originator,
IOE,EML,04188-metadata.xml,Author / Originator,
IOE,EML,04188-metadata.xml,Author / Originator,
IOE,EML,04188-metadata.xml,Author / Originator Identifier,
IOE,EML,04188-metadata.xml,Author / Originator Identifier,
IOE,EML,04188-metadata.xml,Author / Originator Identifier,
IOE,EML,04188-metadata.xml,Author / Originator Identifier,
IOE,EML,04188-metadata.xml,Author / Originator Identifier,
IOE,EML,04188-metadata.xml,Author / Originator Identifier,
IOE,EML,04188-metadata.xml,Author / Originator Identifier,
IOE,EML,04188-metadata.xml,Author / Originator Identifier,
IOE,EML,04188-metadata.xml,Bounding Box,
IOE,EML,04188-metadata.xml,Easternmost Longitude,
IOE,EML,04188-metadata.xml,Metadata Access Constraints,
IOE,EML,04188-metadata.xml,Metadata Access Constraints,
IOE,EML,04188-metadata.xml,Metadata Use Constraints,
IOE,EML,04188-metadata.xml,Metadata Use Constraints,
IOE,EML,04188-metadata.xml,Northernmost Latitude,
IOE,EML,04188-metadata.xml,Organization Name,
IOE,EML,04188-metadata.xml,Resource Access Constraints,
IOE,EML,04188-metadata.xml,Resource Contact,
IOE,EML,04188-metadata.xml,Resource Identifier,
IOE,EML,04188-metadata.xml,Resource Identifier Type,
IOE,EML,04188-metadata.xml,Resource Identifier Type,
IOE,EML,04188-metadata.xml,Resource Long Name,
IOE,EML,04188-metadata.xml,Resource Long Name,
IOE,EML,04188-metadata.xml,Resource Status,
IOE,EML,04188-metadata.xml,Resource Status,
IOE,EML,04188-metadata.xml,Resource Title,
IOE,EML,04188-metadata.xml,Resource Use Constraints,
IOE,EML,04188-metadata.xml,Rights,
IOE,EML,04188-metadata.xml,Security Constraints,
IOE,EML,04188-metadata.xml,Southernmost Latitude,
IOE,EML,04188-metadata.xml,Spatial Extent,
IOE,EML,04188-metadata.xml,Westernmost Longitude,
IOE,EML,04189-metadata.xml,Abstract,
IOE,EML,04189-metadata.xml,Abstract,
IOE,EML,04189-metadata.xml,Attribute Definition,
IOE,EML,04189-metadata.xml,Attribute Definition,
IOE,EML,04189-metadata.xml,Attribute Definition,
IOE,EML,04189-metadata.xml,Attribute Definition,
IOE,EML,04189-metadata.xml,Attribute Definition,
IOE,EML,04189-metadata.xml,Attribute Definition,
IOE,EML,04189-metadata.xml,Attribute Definition,
IOE,EML,04189-metadata.xml,Attribute Definition,
IOE,EML,04189-metadata.xml,Attribute Definition,
IOE,EML,04189-metadata.xml,Attribute Definition,
IOE,EML,04189-metadata.xml,Attribute Definition,
IOE,EML,04189-metadata.xml,Attribute Definition,
IOE,EML,04189-metadata.xml,Attribute Definition,
IOE,EML,04189-metadata.xml,Attribute Definition,
IOE,EML,04189-metadata.xml,Attribute Definition,
IOE,EML,04189-metadata.xml,Attribute Definition,
IOE,EML,04189-metadata.xml,Attribute Definition,
IOE,EML,04189-metadata.xml,Attribute Definition,
IOE,EML,04189-metadata.xml,Attribute Definition,
IOE,EML,04189-metadata.xml,Attribute Definition,
IOE,EML,04189-metadata.xml,Attribute Definition,
IOE,EML,04189-metadata.xml,Attribute Definition,
IOE,EML,04189-metadata.xml,Attribute Definition,
IOE,EML,04189-metadata.xml,Attribute Definition,
IOE,EML,04189-metadata.xml,Attribute Definition,
IOE,EML,04189-metadata.xml,Attribute Definition,
IOE,EML,04189-metadata.xml,Attribute Definition,
IOE,EML,04189-metadata.xml,Attribute List,
IOE,EML,04189-metadata.xml,Attribute List,
IOE,EML,04189-metadata.xml,Attribute List,
IOE,EML,04189-metadata.xml,Attribute List,
IOE,EML,04189-metadata.xml,Attribute List,
IOE,EML,04189-metadata.xml,Author,
IOE,EML,04189-metadata.xml,Author,
IOE,EML,04189-metadata.xml,Author / Originator,
IOE,EML,04189-metadata.xml,Author / Originator Identifier,
IOE,EML,04189-metadata.xml,Author / Originator Identifier,
IOE,EML,04189-metadata.xml,Bounding Box,
IOE,EML,04189-metadata.xml,Bounding Box,
IOE,EML,04189-metadata.xml,Bounding Box,
IOE,EML,04189-metadata.xml,Bounding Box,
IOE,EML,04189-metadata.xml,Bounding Box,
IOE,EML,04189-metadata.xml,Bounding Box,
IOE,EML,04189-metadata.xml,Easternmost Longitude,
IOE,EML,04189-metadata.xml,Easternmost Longitude,
IOE,EML,04189-metadata.xml,Easternmost Longitude,
IOE,EML,04189-metadata.xml,Easternmost Longitude,
IOE,EML,04189-metadata.xml,Easternmost Longitude,
IOE,EML,04189-metadata.xml,Easternmost Longitude,
IOE,EML,04189-metadata.xml,Keyword,
IOE,EML,04189-metadata.xml,Keyword,
IOE,EML,04189-metadata.xml,Keyword,
IOE,EML,04189-metadata.xml,Keyword,
IOE,EML,04189-metadata.xml,Keyword,
IOE,EML,04189-metadata.xml,Keyword,
IOE,EML,04189-metadata.xml,Keyword,
IOE,EML,04189-metadata.xml,Metadata Access Constraints,
IOE,EML,04189-metadata.xml,Metadata Access Constraints,
IOE,EML,04189-metadata.xml,Metadata Use Constraints,
IOE,EML,04189-metadata.xml,Metadata Use Constraints,
IOE,EML,04189-metadata.xml,Northernmost Latitude,
IOE,EML,04189-metadata.xml,Northernmost Latitude,
IOE,EML,04189-metadata.xml,Northernmost Latitude,
IOE,EML,04189-metadata.xml,Northernmost Latitude,
IOE,EML,04189-metadata.xml,Northernmost Latitude,
IOE,EML,04189-metadata.xml,Northernmost Latitude,
IOE,EML,04189-metadata.xml,Organization Name,
IOE,EML,04189-metadata.xml,Organization Name,
IOE,EML,04189-metadata.xml,Originating Organization,
IOE,EML,04189-metadata.xml,Project Description,
IOE,EML,04189-metadata.xml,Related Resource Citation,
IOE,EML,04189-metadata.xml,Resource Access Constraints,
IOE,EML,04189-metadata.xml,Resource Contact,
IOE,EML,04189-metadata.xml,Resource Format,
IOE,EML,04189-metadata.xml,Resource Format,
IOE,EML,04189-metadata.xml,Resource Format,
IOE,EML,04189-metadata.xml,Resource Format,
IOE,EML,04189-metadata.xml,Resource Format,
IOE,EML,04189-metadata.xml,Resource Identifier,
IOE,EML,04189-metadata.xml,Resource Identifier Type,
IOE,EML,04189-metadata.xml,Resource Identifier Type,
IOE,EML,04189-metadata.xml,Resource Long Name,
IOE,EML,04189-metadata.xml,Resource Long Name,
IOE,EML,04189-metadata.xml,Resource Status,
IOE,EML,04189-metadata.xml,Resource Status,
IOE,EML,04189-metadata.xml,Resource Title,
IOE,EML,04189-metadata.xml,Resource Use Constraints,
IOE,EML,04189-metadata.xml,Rights,
IOE,EML,04189-metadata.xml,Security Constraints,
IOE,EML,04189-metadata.xml,Southernmost Latitude,
IOE,EML,04189-metadata.xml,Southernmost Latitude,
IOE,EML,04189-metadata.xml,Southernmost Latitude,
IOE,EML,04189-metadata.xml,Southernmost Latitude,
IOE,EML,04189-metadata.xml,Southernmost Latitude,
IOE,EML,04189-metadata.xml,Southernmost Latitude,
IOE,EML,04189-metadata.xml,Spatial Extent,
IOE,EML,04189-metadata.xml,Spatial Extent,
IOE,EML,04189-metadata.xml,Spatial Extent,
IOE,EML,04189-metadata.xml,Spatial Extent,
IOE,EML,04189-metadata.xml,Spatial Extent,
IOE,EML,04189-metadata.xml,Spatial Extent,
IOE,EML,04189-metadata.xml,Theme Keyword,
IOE,EML,04189-metadata.xml,Theme Keyword,
IOE,EML,04189-metadata.xml,Theme Keyword,
IOE,EML,04189-metadata.xml,Theme Keyword,
IOE,EML,04189-metadata.xml,Theme Keyword,
IOE,EML,04189-metadata.xml,Theme Keyword,
IOE,EML,04189-metadata.xml,Theme Keyword,
IOE,EML,04189-metadata.xml,Westernmost Longitude,
IOE,EML,04189-metadata.xml,Westernmost Longitude,
IOE,EML,04189-metadata.xml,Westernmost Longitude,
IOE,EML,04189-metadata.xml,Westernmost Longitude,
IOE,EML,04189-metadata.xml,Westernmost Longitude,
IOE,EML,04189-metadata.xml,Westernmost Longitude,
IOE,EML,04190-metadata.xml,Abstract,
IOE,EML,04190-metadata.xml,Abstract,
IOE,EML,04190-metadata.xml,Author,
IOE,EML,04190-metadata.xml,Author,
IOE,EML,04190-metadata.xml,Author,
IOE,EML,04190-metadata.xml,Author,
IOE,EML,04190-metadata.xml,Author,
IOE,EML,04190-metadata.xml,Author,
IOE,EML,04190-metadata.xml,Author / Originator,
IOE,EML,04190-metadata.xml,Author / Originator,
IOE,EML,04190-metadata.xml,Author / Originator,
IOE,EML,04190-metadata.xml,Author / Originator Identifier,
IOE,EML,04190-metadata.xml,Author / Originator Identifier,
IOE,EML,04190-metadata.xml,Author / Originator Identifier,
IOE,EML,04190-metadata.xml,Author / Originator Identifier,
IOE,EML,04190-metadata.xml,Author / Originator Identifier,
IOE,EML,04190-metadata.xml,Author / Originator Identifier,
IOE,EML,04190-metadata.xml,Bounding Box,
IOE,EML,04190-metadata.xml,Easternmost Longitude,
IOE,EML,04190-metadata.xml,Keyword,
IOE,EML,04190-metadata.xml,Keyword,
IOE,EML,04190-metadata.xml,Keyword,
IOE,EML,04190-metadata.xml,Keyword,
IOE,EML,04190-metadata.xml,Keyword,
IOE,EML,04190-metadata.xml,Keyword,
IOE,EML,04190-metadata.xml,Keyword,
IOE,EML,04190-metadata.xml,Metadata Access Constraints,
IOE,EML,04190-metadata.xml,Metadata Access Constraints,
IOE,EML,04190-metadata.xml,Metadata Use Constraints,
IOE,EML,04190-metadata.xml,Metadata Use Constraints,
IOE,EML,04190-metadata.xml,Northernmost Latitude,
IOE,EML,04190-metadata.xml,Organization Name,
IOE,EML,04190-metadata.xml,Organization Name,
IOE,EML,04190-metadata.xml,Organization Name,
IOE,EML,04190-metadata.xml,Organization Name,
IOE,EML,04190-metadata.xml,Organization Name,
IOE,EML,04190-metadata.xml,Originating Organization,
IOE,EML,04190-metadata.xml,Originating Organization,
IOE,EML,04190-metadata.xml,Originating Organization,
IOE,EML,04190-metadata.xml,Resource Access Constraints,
IOE,EML,04190-metadata.xml,Resource Contact,
IOE,EML,04190-metadata.xml,Resource Contact,
IOE,EML,04190-metadata.xml,Resource Identifier,
IOE,EML,04190-metadata.xml,Resource Identifier Type,
IOE,EML,04190-metadata.xml,Resource Identifier Type,
IOE,EML,04190-metadata.xml,Resource Long Name,
IOE,EML,04190-metadata.xml,Resource Long Name,
IOE,EML,04190-metadata.xml,Resource Status,
IOE,EML,04190-metadata.xml,Resource Status,
IOE,EML,04190-metadata.xml,Resource Title,
IOE,EML,04190-metadata.xml,Resource Use Constraints,
IOE,EML,04190-metadata.xml,Rights,
IOE,EML,04190-metadata.xml,Security Constraints,
IOE,EML,04190-metadata.xml,Southernmost Latitude,
IOE,EML,04190-metadata.xml,Spatial Extent,
IOE,EML,04190-metadata.xml,Theme Keyword,
IOE,EML,04190-metadata.xml,Theme Keyword,
IOE,EML,04190-metadata.xml,Theme Keyword,
IOE,EML,04190-metadata.xml,Theme Keyword,
IOE,EML,04190-metadata.xml,Theme Keyword,
IOE,EML,04190-metadata.xml,Theme Keyword,
IOE,EML,04190-metadata.xml,Theme Keyword,
IOE,EML,04190-metadata.xml,Westernmost Longitude,
IOE,EML,04191-metadata.xml,Abstract,
IOE,EML,04191-metadata.xml,Abstract,
IOE,EML,04191-metadata.xml,Author,
IOE,EML,04191-metadata.xml,Author,
IOE,EML,04191-metadata.xml,Author,
IOE,EML,04191-metadata.xml,Author,
IOE,EML,04191-metadata.xml,Author,
IOE,EML,04191-metadata.xml,Author,
IOE,EML,04191-metadata.xml,Author / Originator,
IOE,EML,04191-metadata.xml,Author / Originator,
IOE,EML,04191-metadata.xml,Author / Originator,
IOE,EML,04191-metadata.xml,Author / Originator Identifier,
IOE,EML,04191-metadata.xml,Author / Originator Identifier,
IOE,EML,04191-metadata.xml,Author / Originator Identifier,
IOE,EML,04191-metadata.xml,Author / Originator Identifier,
IOE,EML,04191-metadata.xml,Author / Originator Identifier,
IOE,EML,04191-metadata.xml,Author / Originator Identifier,
IOE,EML,04191-metadata.xml,Author / Originator World Wide Web Address,
IOE,EML,04191-metadata.xml,Author / Originator World Wide Web Address,
IOE,EML,04191-metadata.xml,Bounding Box,
IOE,EML,04191-metadata.xml,Easternmost Longitude,
IOE,EML,04191-metadata.xml,Keyword,
IOE,EML,04191-metadata.xml,Keyword,
IOE,EML,04191-metadata.xml,Keyword,
IOE,EML,04191-metadata.xml,Keyword,
IOE,EML,04191-metadata.xml,Keyword,
IOE,EML,04191-metadata.xml,Metadata Access Constraints,
IOE,EML,04191-metadata.xml,Metadata Access Constraints,
IOE,EML,04191-metadata.xml,Metadata Use Constraints,
IOE,EML,04191-metadata.xml,Metadata Use Constraints,
IOE,EML,04191-metadata.xml,Northernmost Latitude,
IOE,EML,04191-metadata.xml,Organization Name,
IOE,EML,04191-metadata.xml,Organization Name,
IOE,EML,04191-metadata.xml,Organization Name,
IOE,EML,04191-metadata.xml,Organization Name,
IOE,EML,04191-metadata.xml,Originating Organization,
IOE,EML,04191-metadata.xml,Originating Organization,
IOE,EML,04191-metadata.xml,Originating Organization,
IOE,EML,04191-metadata.xml,Project Name,
IOE,EML,04191-metadata.xml,Project Name,
IOE,EML,04191-metadata.xml,Resource Access Constraints,
IOE,EML,04191-metadata.xml,Resource Contact,
IOE,EML,04191-metadata.xml,Resource Identifier,
IOE,EML,04191-metadata.xml,Resource Identifier Type,
IOE,EML,04191-metadata.xml,Resource Identifier Type,
IOE,EML,04191-metadata.xml,Resource Long Name,
IOE,EML,04191-metadata.xml,Resource Long Name,
IOE,EML,04191-metadata.xml,Resource Status,
IOE,EML,04191-metadata.xml,Resource Status,
IOE,EML,04191-metadata.xml,Resource Title,
IOE,EML,04191-metadata.xml,Resource Use Constraints,
IOE,EML,04191-metadata.xml,Rights,
IOE,EML,04191-metadata.xml,Security Constraints,
IOE,EML,04191-metadata.xml,Southernmost Latitude,
IOE,EML,04191-metadata.xml,Spatial Extent,
IOE,EML,04191-metadata.xml,Theme Keyword,
IOE,EML,04191-metadata.xml,Theme Keyword,
IOE,EML,04191-metadata.xml,Theme Keyword,
IOE,EML,04191-metadata.xml,Theme Keyword,
IOE,EML,04191-metadata.xml,Theme Keyword,
IOE,EML,04191-metadata.xml,Westernmost Longitude,
IOE,EML,04192-metadata.xml,Abstract,
IOE,EML,04192-metadata.xml,Abstract,
IOE,EML,04192-metadata.xml,Attribute Definition,
IOE,EML,04192-metadata.xml,Attribute Definition,
IOE,EML,04192-metadata.xml,Attribute Definition,
IOE,EML,04192-metadata.xml,Attribute Definition,
IOE,EML,04192-metadata.xml,Attribute Definition,
IOE,EML,04192-metadata.xml,Attribute Definition,
IOE,EML,04192-metadata.xml,Attribute Definition,
IOE,EML,04192-metadata.xml,Attribute Definition,
IOE,EML,04192-metadata.xml,Attribute Definition,
IOE,EML,04192-metadata.xml,Attribute Definition,
IOE,EML,04192-metadata.xml,Attribute Definition,
IOE,EML,04192-metadata.xml,Attribute Definition,
IOE,EML,04192-metadata.xml,Attribute Definition,
IOE,EML,04192-metadata.xml,Attribute Definition,
IOE,EML,04192-metadata.xml,Attribute Definition,
IOE,EML,04192-metadata.xml,Attribute Definition,
IOE,EML,04192-metadata.xml,Attribute Definition,
IOE,EML,04192-metadata.xml,Attribute Definition,
IOE,EML,04192-metadata.xml,Attribute Definition,
IOE,EML,04192-metadata.xml,Attribute Definition,
IOE,EML,04192-metadata.xml,Attribute Definition,
IOE,EML,04192-metadata.xml,Attribute Definition,
IOE,EML,04192-metadata.xml,Attribute Definition,
IOE,EML,04192-metadata.xml,Attribute Definition,
IOE,EML,04192-metadata.xml,Attribute Definition,
IOE,EML,04192-metadata.xml,Attribute Definition,
IOE,EML,04192-metadata.xml,Attribute Definition,
IOE,EML,04192-metadata.xml,Attribute Definition,
IOE,EML,04192-metadata.xml,Attribute Definition,
IOE,EML,04192-metadata.xml,Attribute Definition,
IOE,EML,04192-metadata.xml,Attribute Definition,
IOE,EML,04192-metadata.xml,Attribute Definition,
IOE,EML,04192-metadata.xml,Attribute Definition,
IOE,EML,04192-metadata.xml,Attribute Definition,
IOE,EML,04192-metadata.xml,Attribute Definition,
IOE,EML,04192-metadata.xml,Attribute Definition,
IOE,EML,04192-metadata.xml,Attribute Definition,
IOE,EML,04192-metadata.xml,Attribute Definition,
IOE,EML,04192-metadata.xml,Attribute Definition,
IOE,EML,04192-metadata.xml,Attribute Definition,
IOE,EML,04192-metadata.xml,Attribute Definition,
IOE,EML,04192-metadata.xml,Attribute Definition,
IOE,EML,04192-metadata.xml,Attribute Definition,
IOE,EML,04192-metadata.xml,Attribute Definition,
IOE,EML,04192-metadata.xml,Attribute Definition,
IOE,EML,04192-metadata.xml,Attribute Definition,
IOE,EML,04192-metadata.xml,Attribute Definition,
IOE,EML,04192-metadata.xml,Attribute Definition,
IOE,EML,04192-metadata.xml,Attribute Definition,
IOE,EML,04192-metadata.xml,Attribute Definition,
IOE,EML,04192-metadata.xml,Attribute Definition,
IOE,EML,04192-metadata.xml,Attribute Definition,
IOE,EML,04192-metadata.xml,Attribute Definition,
IOE,EML,04192-metadata.xml,Attribute Definition,
IOE,EML,04192-metadata.xml,Attribute Definition,
IOE,EML,04192-metadata.xml,Attribute Definition,
IOE,EML,04192-metadata.xml,Attribute Definition,
IOE,EML,04192-metadata.xml,Attribute Definition,
IOE,EML,04192-metadata.xml,Attribute Definition,
IOE,EML,04192-metadata.xml,Attribute Definition,
IOE,EML,04192-metadata.xml,Attribute Definition,
IOE,EML,04192-metadata.xml,Attribute Definition,
IOE,EML,04192-metadata.xml,Attribute Definition,
IOE,EML,04192-metadata.xml,Attribute Definition,
IOE,EML,04192-metadata.xml,Attribute Definition,
IOE,EML,04192-metadata.xml,Attribute Definition,
IOE,EML,04192-metadata.xml,Attribute List,
IOE,EML,04192-metadata.xml,Attribute List,
IOE,EML,04192-metadata.xml,Attribute List,
IOE,EML,04192-metadata.xml,Attribute List,
IOE,EML,04192-metadata.xml,Author,
IOE,EML,04192-metadata.xml,Author,
IOE,EML,04192-metadata.xml,Author / Originator,
IOE,EML,04192-metadata.xml,Author / Originator Identifier,
IOE,EML,04192-metadata.xml,Author / Originator Identifier,
IOE,EML,04192-metadata.xml,Author / Originator World Wide Web Address,
IOE,EML,04192-metadata.xml,Author / Originator World Wide Web Address,
IOE,EML,04192-metadata.xml,Bounding Box,
IOE,EML,04192-metadata.xml,Easternmost Longitude,
IOE,EML,04192-metadata.xml,Entity Type Definition,
IOE,EML,04192-metadata.xml,Entity Type Definition,
IOE,EML,04192-metadata.xml,Entity Type Definition,
IOE,EML,04192-metadata.xml,Entity Type Definition,
IOE,EML,04192-metadata.xml,Keyword,
IOE,EML,04192-metadata.xml,Keyword,
IOE,EML,04192-metadata.xml,Keyword,
IOE,EML,04192-metadata.xml,Keyword,
IOE,EML,04192-metadata.xml,Keyword,
IOE,EML,04192-metadata.xml,Keyword,
IOE,EML,04192-metadata.xml,Metadata Access Constraints,
IOE,EML,04192-metadata.xml,Metadata Access Constraints,
IOE,EML,04192-metadata.xml,Metadata Use Constraints,
IOE,EML,04192-metadata.xml,Metadata Use Constraints,
IOE,EML,04192-metadata.xml,Northernmost Latitude,
IOE,EML,04192-metadata.xml,Organization Name,
IOE,EML,04192-metadata.xml,Originating Organization,
IOE,EML,04192-metadata.xml,Project Name,
IOE,EML,04192-metadata.xml,Project Name,
IOE,EML,04192-metadata.xml,Resource Access Constraints,
IOE,EML,04192-metadata.xml,Resource Contact,
IOE,EML,04192-metadata.xml,Resource Format,
IOE,EML,04192-metadata.xml,Resource Format,
IOE,EML,04192-metadata.xml,Resource Format,
IOE,EML,04192-metadata.xml,Resource Format,
IOE,EML,04192-metadata.xml,Resource Identifier,
IOE,EML,04192-metadata.xml,Resource Identifier Type,
IOE,EML,04192-metadata.xml,Resource Identifier Type,
IOE,EML,04192-metadata.xml,Resource Long Name,
IOE,EML,04192-metadata.xml,Resource Long Name,
IOE,EML,04192-metadata.xml,Resource Status,
IOE,EML,04192-metadata.xml,Resource Status,
IOE,EML,04192-metadata.xml,Resource Title,
IOE,EML,04192-metadata.xml,Resource Use Constraints,
IOE,EML,04192-metadata.xml,Rights,
IOE,EML,04192-metadata.xml,Security Constraints,
IOE,EML,04192-metadata.xml,Southernmost Latitude,
IOE,EML,04192-metadata.xml,Spatial Extent,
IOE,EML,04192-metadata.xml,Theme Keyword,
IOE,EML,04192-metadata.xml,Theme Keyword,
IOE,EML,04192-metadata.xml,Theme Keyword,
IOE,EML,04192-metadata.xml,Theme Keyword,
IOE,EML,04192-metadata.xml,Theme Keyword,
IOE,EML,04192-metadata.xml,Theme Keyword,
IOE,EML,04192-metadata.xml,Westernmost Longitude,
IOE,EML,04193-metadata.xml,Abstract,
IOE,EML,04193-metadata.xml,Abstract,
IOE,EML,04193-metadata.xml,Author,
IOE,EML,04193-metadata.xml,Author,
IOE,EML,04193-metadata.xml,Author,
IOE,EML,04193-metadata.xml,Author,
IOE,EML,04193-metadata.xml,Author,
IOE,EML,04193-metadata.xml,Author,
IOE,EML,04193-metadata.xml,Author / Originator,
IOE,EML,04193-metadata.xml,Author / Originator,
IOE,EML,04193-metadata.xml,Author / Originator,
IOE,EML,04193-metadata.xml,Author / Originator Identifier,
IOE,EML,04193-metadata.xml,Author / Originator Identifier,
IOE,EML,04193-metadata.xml,Author / Originator Identifier,
IOE,EML,04193-metadata.xml,Author / Originator Identifier,
IOE,EML,04193-metadata.xml,Author / Originator Identifier,
IOE,EML,04193-metadata.xml,Author / Originator Identifier,
IOE,EML,04193-metadata.xml,Bounding Box,
IOE,EML,04193-metadata.xml,Easternmost Longitude,
IOE,EML,04193-metadata.xml,Keyword,
IOE,EML,04193-metadata.xml,Keyword,
IOE,EML,04193-metadata.xml,Keyword,
IOE,EML,04193-metadata.xml,Keyword,
IOE,EML,04193-metadata.xml,Keyword,
IOE,EML,04193-metadata.xml,Metadata Access Constraints,
IOE,EML,04193-metadata.xml,Metadata Access Constraints,
IOE,EML,04193-metadata.xml,Metadata Use Constraints,
IOE,EML,04193-metadata.xml,Metadata Use Constraints,
IOE,EML,04193-metadata.xml,Northernmost Latitude,
IOE,EML,04193-metadata.xml,Organization Name,
IOE,EML,04193-metadata.xml,Resource Access Constraints,
IOE,EML,04193-metadata.xml,Resource Contact,
IOE,EML,04193-metadata.xml,Resource Identifier,
IOE,EML,04193-metadata.xml,Resource Identifier Type,
IOE,EML,04193-metadata.xml,Resource Identifier Type,
IOE,EML,04193-metadata.xml,Resource Long Name,
IOE,EML,04193-metadata.xml,Resource Long Name,
IOE,EML,04193-metadata.xml,Resource Status,
IOE,EML,04193-metadata.xml,Resource Status,
IOE,EML,04193-metadata.xml,Resource Title,
IOE,EML,04193-metadata.xml,Resource Use Constraints,
IOE,EML,04193-metadata.xml,Rights,
IOE,EML,04193-metadata.xml,Security Constraints,
IOE,EML,04193-metadata.xml,Southernmost Latitude,
IOE,EML,04193-metadata.xml,Spatial Extent,
IOE,EML,04193-metadata.xml,Theme Keyword,
IOE,EML,04193-metadata.xml,Theme Keyword,
IOE,EML,04193-metadata.xml,Theme Keyword,
IOE,EML,04193-metadata.xml,Theme Keyword,
IOE,EML,04193-metadata.xml,Theme Keyword,
IOE,EML,04193-metadata.xml,Westernmost Longitude,
IOE,EML,04194-metadata.xml,Abstract,
IOE,EML,04194-metadata.xml,Abstract,
IOE,EML,04194-metadata.xml,Author,
IOE,EML,04194-metadata.xml,Author,
IOE,EML,04194-metadata.xml,Author,
IOE,EML,04194-metadata.xml,Author,
IOE,EML,04194-metadata.xml,Author,
IOE,EML,04194-metadata.xml,Author,
IOE,EML,04194-metadata.xml,Author / Originator,
IOE,EML,04194-metadata.xml,Author / Originator,
IOE,EML,04194-metadata.xml,Author / Originator,
IOE,EML,04194-metadata.xml,Author / Originator Identifier,
IOE,EML,04194-metadata.xml,Author / Originator Identifier,
IOE,EML,04194-metadata.xml,Author / Originator Identifier,
IOE,EML,04194-metadata.xml,Author / Originator Identifier,
IOE,EML,04194-metadata.xml,Author / Originator Identifier,
IOE,EML,04194-metadata.xml,Author / Originator Identifier,
IOE,EML,04194-metadata.xml,Author / Originator World Wide Web Address,
IOE,EML,04194-metadata.xml,Author / Originator World Wide Web Address,
IOE,EML,04194-metadata.xml,Bounding Box,
IOE,EML,04194-metadata.xml,Easternmost Longitude,
IOE,EML,04194-metadata.xml,Keyword,
IOE,EML,04194-metadata.xml,Keyword,
IOE,EML,04194-metadata.xml,Keyword,
IOE,EML,04194-metadata.xml,Keyword,
IOE,EML,04194-metadata.xml,Keyword,
IOE,EML,04194-metadata.xml,Keyword,
IOE,EML,04194-metadata.xml,Metadata Access Constraints,
IOE,EML,04194-metadata.xml,Metadata Access Constraints,
IOE,EML,04194-metadata.xml,Metadata Use Constraints,
IOE,EML,04194-metadata.xml,Metadata Use Constraints,
IOE,EML,04194-metadata.xml,Northernmost Latitude,
IOE,EML,04194-metadata.xml,Organization Name,
IOE,EML,04194-metadata.xml,Originating Organization,
IOE,EML,04194-metadata.xml,Project Name,
IOE,EML,04194-metadata.xml,Project Name,
IOE,EML,04194-metadata.xml,Resource Access Constraints,
IOE,EML,04194-metadata.xml,Resource Contact,
IOE,EML,04194-metadata.xml,Resource Identifier,
IOE,EML,04194-metadata.xml,Resource Identifier Type,
IOE,EML,04194-metadata.xml,Resource Identifier Type,
IOE,EML,04194-metadata.xml,Resource Long Name,
IOE,EML,04194-metadata.xml,Resource Long Name,
IOE,EML,04194-metadata.xml,Resource Status,
IOE,EML,04194-metadata.xml,Resource Status,
IOE,EML,04194-metadata.xml,Resource Title,
IOE,EML,04194-metadata.xml,Resource Use Constraints,
IOE,EML,04194-metadata.xml,Rights,
IOE,EML,04194-metadata.xml,Security Constraints,
IOE,EML,04194-metadata.xml,Southernmost Latitude,
IOE,EML,04194-metadata.xml,Spatial Extent,
IOE,EML,04194-metadata.xml,Theme Keyword,
IOE,EML,04194-metadata.xml,Theme Keyword,
IOE,EML,04194-metadata.xml,Theme Keyword,
IOE,EML,04194-metadata.xml,Theme Keyword,
IOE,EML,04194-metadata.xml,Theme Keyword,
IOE,EML,04194-metadata.xml,Theme Keyword,
IOE,EML,04194-metadata.xml,Westernmost Longitude,
IOE,EML,04195-metadata.xml,Abstract,
IOE,EML,04195-metadata.xml,Abstract,
IOE,EML,04195-metadata.xml,Author,
IOE,EML,04195-metadata.xml,Author,
IOE,EML,04195-metadata.xml,Author / Originator,
IOE,EML,04195-metadata.xml,Author / Originator Identifier,
IOE,EML,04195-metadata.xml,Author / Originator Identifier,
IOE,EML,04195-metadata.xml,Bounding Box,
IOE,EML,04195-metadata.xml,Easternmost Longitude,
IOE,EML,04195-metadata.xml,Keyword,
IOE,EML,04195-metadata.xml,Keyword,
IOE,EML,04195-metadata.xml,Keyword,
IOE,EML,04195-metadata.xml,Keyword,
IOE,EML,04195-metadata.xml,Keyword,
IOE,EML,04195-metadata.xml,Metadata Access Constraints,
IOE,EML,04195-metadata.xml,Metadata Access Constraints,
IOE,EML,04195-metadata.xml,Metadata Use Constraints,
IOE,EML,04195-metadata.xml,Metadata Use Constraints,
IOE,EML,04195-metadata.xml,Northernmost Latitude,
IOE,EML,04195-metadata.xml,Organization Name,
IOE,EML,04195-metadata.xml,Organization Name,
IOE,EML,04195-metadata.xml,Originating Organization,
IOE,EML,04195-metadata.xml,Resource Access Constraints,
IOE,EML,04195-metadata.xml,Resource Contact,
IOE,EML,04195-metadata.xml,Resource Identifier,
IOE,EML,04195-metadata.xml,Resource Identifier Type,
IOE,EML,04195-metadata.xml,Resource Identifier Type,
IOE,EML,04195-metadata.xml,Resource Long Name,
IOE,EML,04195-metadata.xml,Resource Long Name,
IOE,EML,04195-metadata.xml,Resource Status,
IOE,EML,04195-metadata.xml,Resource Status,
IOE,EML,04195-metadata.xml,Resource Title,
IOE,EML,04195-metadata.xml,Resource Use Constraints,
IOE,EML,04195-metadata.xml,Rights,
IOE,EML,04195-metadata.xml,Security Constraints,
IOE,EML,04195-metadata.xml,Southernmost Latitude,
IOE,EML,04195-metadata.xml,Spatial Extent,
IOE,EML,04195-metadata.xml,Theme Keyword,
IOE,EML,04195-metadata.xml,Theme Keyword,
IOE,EML,04195-metadata.xml,Theme Keyword,
IOE,EML,04195-metadata.xml,Theme Keyword,
IOE,EML,04195-metadata.xml,Theme Keyword,
IOE,EML,04195-metadata.xml,Westernmost Longitude,
IOE,EML,04196-metadata.xml,Abstract,
IOE,EML,04196-metadata.xml,Abstract,
IOE,EML,04196-metadata.xml,Author,
IOE,EML,04196-metadata.xml,Author,
IOE,EML,04196-metadata.xml,Author / Originator,
IOE,EML,04196-metadata.xml,Author / Originator Email Address,
IOE,EML,04196-metadata.xml,Author / Originator Email Address,
IOE,EML,04196-metadata.xml,Author / Originator Identifier,
IOE,EML,04196-metadata.xml,Author / Originator Identifier,
IOE,EML,04196-metadata.xml,Bounding Box,
IOE,EML,04196-metadata.xml,Bounding Box,
IOE,EML,04196-metadata.xml,Bounding Box,
IOE,EML,04196-metadata.xml,Bounding Box,
IOE,EML,04196-metadata.xml,Bounding Box,
IOE,EML,04196-metadata.xml,Easternmost Longitude,
IOE,EML,04196-metadata.xml,Easternmost Longitude,
IOE,EML,04196-metadata.xml,Easternmost Longitude,
IOE,EML,04196-metadata.xml,Easternmost Longitude,
IOE,EML,04196-metadata.xml,Easternmost Longitude,
IOE,EML,04196-metadata.xml,Keyword,
IOE,EML,04196-metadata.xml,Keyword,
IOE,EML,04196-metadata.xml,Keyword,
IOE,EML,04196-metadata.xml,Keyword,
IOE,EML,04196-metadata.xml,Keyword,
IOE,EML,04196-metadata.xml,Metadata Access Constraints,
IOE,EML,04196-metadata.xml,Metadata Access Constraints,
IOE,EML,04196-metadata.xml,Metadata Use Constraints,
IOE,EML,04196-metadata.xml,Metadata Use Constraints,
IOE,EML,04196-metadata.xml,Northernmost Latitude,
IOE,EML,04196-metadata.xml,Northernmost Latitude,
IOE,EML,04196-metadata.xml,Northernmost Latitude,
IOE,EML,04196-metadata.xml,Northernmost Latitude,
IOE,EML,04196-metadata.xml,Northernmost Latitude,
IOE,EML,04196-metadata.xml,Organization Name,
IOE,EML,04196-metadata.xml,Organization Name,
IOE,EML,04196-metadata.xml,Originating Organization,
IOE,EML,04196-metadata.xml,Project Description,
IOE,EML,04196-metadata.xml,Related Resource Citation,
IOE,EML,04196-metadata.xml,Resource Access Constraints,
IOE,EML,04196-metadata.xml,Resource Contact,
IOE,EML,04196-metadata.xml,Resource Identifier,
IOE,EML,04196-metadata.xml,Resource Identifier Type,
IOE,EML,04196-metadata.xml,Resource Identifier Type,
IOE,EML,04196-metadata.xml,Resource Long Name,
IOE,EML,04196-metadata.xml,Resource Long Name,
IOE,EML,04196-metadata.xml,Resource Status,
IOE,EML,04196-metadata.xml,Resource Status,
IOE,EML,04196-metadata.xml,Resource Title,
IOE,EML,04196-metadata.xml,Resource Use Constraints,
IOE,EML,04196-metadata.xml,Rights,
IOE,EML,04196-metadata.xml,Security Constraints,
IOE,EML,04196-metadata.xml,Southernmost Latitude,
IOE,EML,04196-metadata.xml,Southernmost Latitude,
IOE,EML,04196-metadata.xml,Southernmost Latitude,
IOE,EML,04196-metadata.xml,Southernmost Latitude,
IOE,EML,04196-metadata.xml,Southernmost Latitude,
IOE,EML,04196-metadata.xml,Spatial Extent,
IOE,EML,04196-metadata.xml,Spatial Extent,
IOE,EML,04196-metadata.xml,Spatial Extent,
IOE,EML,04196-metadata.xml,Spatial Extent,
IOE,EML,04196-metadata.xml,Spatial Extent,
IOE,EML,04196-metadata.xml,Theme Keyword,
IOE,EML,04196-metadata.xml,Theme Keyword,
IOE,EML,04196-metadata.xml,Theme Keyword,
IOE,EML,04196-metadata.xml,Theme Keyword,
IOE,EML,04196-metadata.xml,Theme Keyword,
IOE,EML,04196-metadata.xml,Westernmost Longitude,
IOE,EML,04196-metadata.xml,Westernmost Longitude,
IOE,EML,04196-metadata.xml,Westernmost Longitude,
IOE,EML,04196-metadata.xml,Westernmost Longitude,
IOE,EML,04196-metadata.xml,Westernmost Longitude,
IOE,EML,04197-metadata.xml,Abstract,
IOE,EML,04197-metadata.xml,Abstract,
IOE,EML,04197-metadata.xml,Attribute Definition,
IOE,EML,04197-metadata.xml,Attribute Definition,
IOE,EML,04197-metadata.xml,Attribute Definition,
IOE,EML,04197-metadata.xml,Attribute Definition,
IOE,EML,04197-metadata.xml,Attribute Definition,
IOE,EML,04197-metadata.xml,Attribute Definition,
IOE,EML,04197-metadata.xml,Attribute Definition,
IOE,EML,04197-metadata.xml,Attribute Definition,
IOE,EML,04197-metadata.xml,Attribute Definition,
IOE,EML,04197-metadata.xml,Attribute Definition,
IOE,EML,04197-metadata.xml,Attribute Definition,
IOE,EML,04197-metadata.xml,Attribute Definition,
IOE,EML,04197-metadata.xml,Attribute Definition,
IOE,EML,04197-metadata.xml,Attribute Definition,
IOE,EML,04197-metadata.xml,Attribute Definition,
IOE,EML,04197-metadata.xml,Attribute Definition,
IOE,EML,04197-metadata.xml,Attribute Definition,
IOE,EML,04197-metadata.xml,Attribute Definition,
IOE,EML,04197-metadata.xml,Attribute Definition,
IOE,EML,04197-metadata.xml,Attribute Definition,
IOE,EML,04197-metadata.xml,Attribute Definition,
IOE,EML,04197-metadata.xml,Attribute Definition,
IOE,EML,04197-metadata.xml,Attribute Definition,
IOE,EML,04197-metadata.xml,Attribute Definition,
IOE,EML,04197-metadata.xml,Attribute Definition,
IOE,EML,04197-metadata.xml,Attribute Definition,
IOE,EML,04197-metadata.xml,Attribute Definition,
IOE,EML,04197-metadata.xml,Attribute Definition,
IOE,EML,04197-metadata.xml,Attribute Definition,
IOE,EML,04197-metadata.xml,Attribute List,
IOE,EML,04197-metadata.xml,Author,
IOE,EML,04197-metadata.xml,Author,
IOE,EML,04197-metadata.xml,Author / Originator,
IOE,EML,04197-metadata.xml,Author / Originator Identifier,
IOE,EML,04197-metadata.xml,Author / Originator Identifier,
IOE,EML,04197-metadata.xml,Author / Originator World Wide Web Address,
IOE,EML,04197-metadata.xml,Author / Originator World Wide Web Address,
IOE,EML,04197-metadata.xml,Bounding Box,
IOE,EML,04197-metadata.xml,Easternmost Longitude,
IOE,EML,04197-metadata.xml,Keyword,
IOE,EML,04197-metadata.xml,Keyword,
IOE,EML,04197-metadata.xml,Keyword,
IOE,EML,04197-metadata.xml,Keyword,
IOE,EML,04197-metadata.xml,Keyword,
IOE,EML,04197-metadata.xml,Keyword,
IOE,EML,04197-metadata.xml,Metadata Access Constraints,
IOE,EML,04197-metadata.xml,Metadata Access Constraints,
IOE,EML,04197-metadata.xml,Metadata Use Constraints,
IOE,EML,04197-metadata.xml,Metadata Use Constraints,
IOE,EML,04197-metadata.xml,Northernmost Latitude,
IOE,EML,04197-metadata.xml,Organization Name,
IOE,EML,04197-metadata.xml,Originating Organization,
IOE,EML,04197-metadata.xml,Project Name,
IOE,EML,04197-metadata.xml,Project Name,
IOE,EML,04197-metadata.xml,Resource Access Constraints,
IOE,EML,04197-metadata.xml,Resource Contact,
IOE,EML,04197-metadata.xml,Resource Format,
IOE,EML,04197-metadata.xml,Resource Identifier,
IOE,EML,04197-metadata.xml,Resource Identifier Type,
IOE,EML,04197-metadata.xml,Resource Identifier Type,
IOE,EML,04197-metadata.xml,Resource Long Name,
IOE,EML,04197-metadata.xml,Resource Long Name,
IOE,EML,04197-metadata.xml,Resource Status,
IOE,EML,04197-metadata.xml,Resource Status,
IOE,EML,04197-metadata.xml,Resource Title,
IOE,EML,04197-metadata.xml,Resource Use Constraints,
IOE,EML,04197-metadata.xml,Rights,
IOE,EML,04197-metadata.xml,Security Constraints,
IOE,EML,04197-metadata.xml,Southernmost Latitude,
IOE,EML,04197-metadata.xml,Spatial Extent,
IOE,EML,04197-metadata.xml,Theme Keyword,
IOE,EML,04197-metadata.xml,Theme Keyword,
IOE,EML,04197-metadata.xml,Theme Keyword,
IOE,EML,04197-metadata.xml,Theme Keyword,
IOE,EML,04197-metadata.xml,Theme Keyword,
IOE,EML,04197-metadata.xml,Theme Keyword,
IOE,EML,04197-metadata.xml,Westernmost Longitude,
