USANPN,EML,00253-metadata.xml,Abstract,
USANPN,EML,00253-metadata.xml,Abstract,
USANPN,EML,00253-metadata.xml,Attribute Definition,
USANPN,EML,00253-metadata.xml,Attribute Definition,
USANPN,EML,00253-metadata.xml,Attribute Definition,
USANPN,EML,00253-metadata.xml,Attribute Definition,
USANPN,EML,00253-metadata.xml,Attribute Definition,
USANPN,EML,00253-metadata.xml,Attribute Definition,
USANPN,EML,00253-metadata.xml,Attribute Definition,
USANPN,EML,00253-metadata.xml,Attribute Definition,
USANPN,EML,00253-metadata.xml,Attribute Definition,
USANPN,EML,00253-metadata.xml,Attribute Definition,
USANPN,EML,00253-metadata.xml,Attribute Definition,
USANPN,EML,00253-metadata.xml,Attribute Definition,
USANPN,EML,00253-metadata.xml,Attribute Definition,
USANPN,EML,00253-metadata.xml,Attribute Definition,
USANPN,EML,00253-metadata.xml,Attribute Definition,
USANPN,EML,00253-metadata.xml,Attribute Definition,
USANPN,EML,00253-metadata.xml,Attribute Definition,
USANPN,EML,00253-metadata.xml,Attribute Definition,
USANPN,EML,00253-metadata.xml,Attribute Definition,
USANPN,EML,00253-metadata.xml,Attribute Definition,
USANPN,EML,00253-metadata.xml,Attribute Definition,
USANPN,EML,00253-metadata.xml,Attribute Definition,
USANPN,EML,00253-metadata.xml,Attribute Definition,
USANPN,EML,00253-metadata.xml,Attribute Definition,
USANPN,EML,00253-metadata.xml,Attribute Definition,
USANPN,EML,00253-metadata.xml,Attribute Definition,
USANPN,EML,00253-metadata.xml,Attribute Definition,
USANPN,EML,00253-metadata.xml,Attribute Definition,
USANPN,EML,00253-metadata.xml,Attribute Definition,
USANPN,EML,00253-metadata.xml,Attribute Definition,
USANPN,EML,00253-metadata.xml,Attribute Definition,
USANPN,EML,00253-metadata.xml,Attribute List,
USANPN,EML,00253-metadata.xml,Attribute List,
USANPN,EML,00253-metadata.xml,Attribute List,
USANPN,EML,00253-metadata.xml,Author,
USANPN,EML,00253-metadata.xml,Author,
USANPN,EML,00253-metadata.xml,Author / Originator,
USANPN,EML,00253-metadata.xml,Author / Originator Identifier,
USANPN,EML,00253-metadata.xml,Author / Originator Identifier,
USANPN,EML,00253-metadata.xml,Author / Originator World Wide Web Address,
USANPN,EML,00253-metadata.xml,Author / Originator World Wide Web Address,
USANPN,EML,00253-metadata.xml,Bounding Box,
USANPN,EML,00253-metadata.xml,Contributor Name,
USANPN,EML,00253-metadata.xml,Contributor Role,
USANPN,EML,00253-metadata.xml,Contributor Role,
USANPN,EML,00253-metadata.xml,Easternmost Longitude,
USANPN,EML,00253-metadata.xml,Entity Type Definition,
USANPN,EML,00253-metadata.xml,Entity Type Definition,
USANPN,EML,00253-metadata.xml,Entity Type Definition,
USANPN,EML,00253-metadata.xml,Keyword,
USANPN,EML,00253-metadata.xml,Keyword,
USANPN,EML,00253-metadata.xml,Keyword,
USANPN,EML,00253-metadata.xml,Keyword,
USANPN,EML,00253-metadata.xml,Keyword,
USANPN,EML,00253-metadata.xml,Keyword,
USANPN,EML,00253-metadata.xml,Keyword,
USANPN,EML,00253-metadata.xml,Keyword,
USANPN,EML,00253-metadata.xml,Metadata Access Constraints,
USANPN,EML,00253-metadata.xml,Metadata Access Constraints,
USANPN,EML,00253-metadata.xml,Metadata Use Constraints,
USANPN,EML,00253-metadata.xml,Metadata Use Constraints,
USANPN,EML,00253-metadata.xml,Northernmost Latitude,
USANPN,EML,00253-metadata.xml,Organization Name,
USANPN,EML,00253-metadata.xml,Organization Name,
USANPN,EML,00253-metadata.xml,Originating Organization,
USANPN,EML,00253-metadata.xml,Process Step,
USANPN,EML,00253-metadata.xml,Project Name,
USANPN,EML,00253-metadata.xml,Project Name,
USANPN,EML,00253-metadata.xml,Resource Access Constraints,
USANPN,EML,00253-metadata.xml,Resource Contact,
USANPN,EML,00253-metadata.xml,Resource Format,
USANPN,EML,00253-metadata.xml,Resource Format,
USANPN,EML,00253-metadata.xml,Resource Format,
USANPN,EML,00253-metadata.xml,Resource Identifier,
USANPN,EML,00253-metadata.xml,Resource Identifier Type,
USANPN,EML,00253-metadata.xml,Resource Identifier Type,
USANPN,EML,00253-metadata.xml,Resource Lineage,
USANPN,EML,00253-metadata.xml,Resource Lineage,
USANPN,EML,00253-metadata.xml,Resource Long Name,
USANPN,EML,00253-metadata.xml,Resource Long Name,
USANPN,EML,00253-metadata.xml,Resource Status,
USANPN,EML,00253-metadata.xml,Resource Status,
USANPN,EML,00253-metadata.xml,Resource Title,
USANPN,EML,00253-metadata.xml,Resource Use Constraints,
USANPN,EML,00253-metadata.xml,Responsible Party Identifier,
USANPN,EML,00253-metadata.xml,Responsible Party Identifier,
USANPN,EML,00253-metadata.xml,Rights,
USANPN,EML,00253-metadata.xml,Security Constraints,
USANPN,EML,00253-metadata.xml,Southernmost Latitude,
USANPN,EML,00253-metadata.xml,Spatial Extent,
USANPN,EML,00253-metadata.xml,Temporal Extent,
USANPN,EML,00253-metadata.xml,Theme Keyword,
USANPN,EML,00253-metadata.xml,Theme Keyword,
USANPN,EML,00253-metadata.xml,Theme Keyword,
USANPN,EML,00253-metadata.xml,Theme Keyword,
USANPN,EML,00253-metadata.xml,Theme Keyword,
USANPN,EML,00253-metadata.xml,Theme Keyword,
USANPN,EML,00253-metadata.xml,Theme Keyword,
USANPN,EML,00253-metadata.xml,Theme Keyword,
USANPN,EML,00253-metadata.xml,Westernmost Longitude,
USANPN,EML,00254-metadata.xml,Abstract,
USANPN,EML,00254-metadata.xml,Abstract,
USANPN,EML,00254-metadata.xml,Attribute Definition,
USANPN,EML,00254-metadata.xml,Attribute Definition,
USANPN,EML,00254-metadata.xml,Attribute Definition,
USANPN,EML,00254-metadata.xml,Attribute Definition,
USANPN,EML,00254-metadata.xml,Attribute Definition,
USANPN,EML,00254-metadata.xml,Attribute Definition,
USANPN,EML,00254-metadata.xml,Attribute Definition,
USANPN,EML,00254-metadata.xml,Attribute Definition,
USANPN,EML,00254-metadata.xml,Attribute Definition,
USANPN,EML,00254-metadata.xml,Attribute Definition,
USANPN,EML,00254-metadata.xml,Attribute Definition,
USANPN,EML,00254-metadata.xml,Attribute Definition,
USANPN,EML,00254-metadata.xml,Attribute Definition,
USANPN,EML,00254-metadata.xml,Attribute Definition,
USANPN,EML,00254-metadata.xml,Attribute Definition,
USANPN,EML,00254-metadata.xml,Attribute Definition,
USANPN,EML,00254-metadata.xml,Attribute Definition,
USANPN,EML,00254-metadata.xml,Attribute Definition,
USANPN,EML,00254-metadata.xml,Attribute Definition,
USANPN,EML,00254-metadata.xml,Attribute Definition,
USANPN,EML,00254-metadata.xml,Attribute Definition,
USANPN,EML,00254-metadata.xml,Attribute Definition,
USANPN,EML,00254-metadata.xml,Attribute Definition,
USANPN,EML,00254-metadata.xml,Attribute Definition,
USANPN,EML,00254-metadata.xml,Attribute Definition,
USANPN,EML,00254-metadata.xml,Attribute Definition,
USANPN,EML,00254-metadata.xml,Attribute Definition,
USANPN,EML,00254-metadata.xml,Attribute Definition,
USANPN,EML,00254-metadata.xml,Attribute Definition,
USANPN,EML,00254-metadata.xml,Attribute Definition,
USANPN,EML,00254-metadata.xml,Attribute Definition,
USANPN,EML,00254-metadata.xml,Attribute List,
USANPN,EML,00254-metadata.xml,Attribute List,
USANPN,EML,00254-metadata.xml,Attribute List,
USANPN,EML,00254-metadata.xml,Author,
USANPN,EML,00254-metadata.xml,Author,
USANPN,EML,00254-metadata.xml,Author / Originator,
USANPN,EML,00254-metadata.xml,Author / Originator Identifier,
USANPN,EML,00254-metadata.xml,Author / Originator Identifier,
USANPN,EML,00254-metadata.xml,Author / Originator World Wide Web Address,
USANPN,EML,00254-metadata.xml,Author / Originator World Wide Web Address,
USANPN,EML,00254-metadata.xml,Bounding Box,
USANPN,EML,00254-metadata.xml,Contributor Name,
USANPN,EML,00254-metadata.xml,Contributor Role,
USANPN,EML,00254-metadata.xml,Contributor Role,
USANPN,EML,00254-metadata.xml,Easternmost Longitude,
USANPN,EML,00254-metadata.xml,Entity Type Definition,
USANPN,EML,00254-metadata.xml,Entity Type Definition,
USANPN,EML,00254-metadata.xml,Entity Type Definition,
USANPN,EML,00254-metadata.xml,Keyword,
USANPN,EML,00254-metadata.xml,Keyword,
USANPN,EML,00254-metadata.xml,Keyword,
USANPN,EML,00254-metadata.xml,Keyword,
USANPN,EML,00254-metadata.xml,Keyword,
USANPN,EML,00254-metadata.xml,Keyword,
USANPN,EML,00254-metadata.xml,Keyword,
USANPN,EML,00254-metadata.xml,Keyword,
USANPN,EML,00254-metadata.xml,Metadata Access Constraints,
USANPN,EML,00254-metadata.xml,Metadata Access Constraints,
USANPN,EML,00254-metadata.xml,Metadata Use Constraints,
USANPN,EML,00254-metadata.xml,Metadata Use Constraints,
USANPN,EML,00254-metadata.xml,Northernmost Latitude,
USANPN,EML,00254-metadata.xml,Organization Name,
USANPN,EML,00254-metadata.xml,Organization Name,
USANPN,EML,00254-metadata.xml,Originating Organization,
USANPN,EML,00254-metadata.xml,Process Step,
USANPN,EML,00254-metadata.xml,Project Name,
USANPN,EML,00254-metadata.xml,Project Name,
USANPN,EML,00254-metadata.xml,Resource Access Constraints,
USANPN,EML,00254-metadata.xml,Resource Contact,
USANPN,EML,00254-metadata.xml,Resource Format,
USANPN,EML,00254-metadata.xml,Resource Format,
USANPN,EML,00254-metadata.xml,Resource Format,
USANPN,EML,00254-metadata.xml,Resource Identifier,
USANPN,EML,00254-metadata.xml,Resource Identifier Type,
USANPN,EML,00254-metadata.xml,Resource Identifier Type,
USANPN,EML,00254-metadata.xml,Resource Lineage,
USANPN,EML,00254-metadata.xml,Resource Lineage,
USANPN,EML,00254-metadata.xml,Resource Long Name,
USANPN,EML,00254-metadata.xml,Resource Long Name,
USANPN,EML,00254-metadata.xml,Resource Status,
USANPN,EML,00254-metadata.xml,Resource Status,
USANPN,EML,00254-metadata.xml,Resource Title,
USANPN,EML,00254-metadata.xml,Resource Use Constraints,
USANPN,EML,00254-metadata.xml,Responsible Party Identifier,
USANPN,EML,00254-metadata.xml,Responsible Party Identifier,
USANPN,EML,00254-metadata.xml,Rights,
USANPN,EML,00254-metadata.xml,Security Constraints,
USANPN,EML,00254-metadata.xml,Southernmost Latitude,
USANPN,EML,00254-metadata.xml,Spatial Extent,
USANPN,EML,00254-metadata.xml,Temporal Extent,
USANPN,EML,00254-metadata.xml,Theme Keyword,
USANPN,EML,00254-metadata.xml,Theme Keyword,
USANPN,EML,00254-metadata.xml,Theme Keyword,
USANPN,EML,00254-metadata.xml,Theme Keyword,
USANPN,EML,00254-metadata.xml,Theme Keyword,
USANPN,EML,00254-metadata.xml,Theme Keyword,
USANPN,EML,00254-metadata.xml,Theme Keyword,
USANPN,EML,00254-metadata.xml,Theme Keyword,
USANPN,EML,00254-metadata.xml,Westernmost Longitude,
USANPN,EML,00255-metadata.xml,Abstract,
USANPN,EML,00255-metadata.xml,Abstract,
USANPN,EML,00255-metadata.xml,Attribute Definition,
USANPN,EML,00255-metadata.xml,Attribute Definition,
USANPN,EML,00255-metadata.xml,Attribute Definition,
USANPN,EML,00255-metadata.xml,Attribute Definition,
USANPN,EML,00255-metadata.xml,Attribute Definition,
USANPN,EML,00255-metadata.xml,Attribute Definition,
USANPN,EML,00255-metadata.xml,Attribute Definition,
USANPN,EML,00255-metadata.xml,Attribute Definition,
USANPN,EML,00255-metadata.xml,Attribute Definition,
USANPN,EML,00255-metadata.xml,Attribute Definition,
USANPN,EML,00255-metadata.xml,Attribute Definition,
USANPN,EML,00255-metadata.xml,Attribute Definition,
USANPN,EML,00255-metadata.xml,Attribute Definition,
USANPN,EML,00255-metadata.xml,Attribute Definition,
USANPN,EML,00255-metadata.xml,Attribute Definition,
USANPN,EML,00255-metadata.xml,Attribute Definition,
USANPN,EML,00255-metadata.xml,Attribute Definition,
USANPN,EML,00255-metadata.xml,Attribute Definition,
USANPN,EML,00255-metadata.xml,Attribute Definition,
USANPN,EML,00255-metadata.xml,Attribute Definition,
USANPN,EML,00255-metadata.xml,Attribute Definition,
USANPN,EML,00255-metadata.xml,Attribute Definition,
USANPN,EML,00255-metadata.xml,Attribute Definition,
USANPN,EML,00255-metadata.xml,Attribute Definition,
USANPN,EML,00255-metadata.xml,Attribute Definition,
USANPN,EML,00255-metadata.xml,Attribute Definition,
USANPN,EML,00255-metadata.xml,Attribute Definition,
USANPN,EML,00255-metadata.xml,Attribute Definition,
USANPN,EML,00255-metadata.xml,Attribute Definition,
USANPN,EML,00255-metadata.xml,Attribute Definition,
USANPN,EML,00255-metadata.xml,Attribute Definition,
USANPN,EML,00255-metadata.xml,Attribute List,
USANPN,EML,00255-metadata.xml,Attribute List,
USANPN,EML,00255-metadata.xml,Attribute List,
USANPN,EML,00255-metadata.xml,Author,
USANPN,EML,00255-metadata.xml,Author,
USANPN,EML,00255-metadata.xml,Author / Originator,
USANPN,EML,00255-metadata.xml,Author / Originator Identifier,
USANPN,EML,00255-metadata.xml,Author / Originator Identifier,
USANPN,EML,00255-metadata.xml,Author / Originator World Wide Web Address,
USANPN,EML,00255-metadata.xml,Author / Originator World Wide Web Address,
USANPN,EML,00255-metadata.xml,Bounding Box,
USANPN,EML,00255-metadata.xml,Contributor Name,
USANPN,EML,00255-metadata.xml,Contributor Role,
USANPN,EML,00255-metadata.xml,Contributor Role,
USANPN,EML,00255-metadata.xml,Easternmost Longitude,
USANPN,EML,00255-metadata.xml,Entity Type Definition,
USANPN,EML,00255-metadata.xml,Entity Type Definition,
USANPN,EML,00255-metadata.xml,Entity Type Definition,
USANPN,EML,00255-metadata.xml,Keyword,
USANPN,EML,00255-metadata.xml,Keyword,
USANPN,EML,00255-metadata.xml,Keyword,
USANPN,EML,00255-metadata.xml,Keyword,
USANPN,EML,00255-metadata.xml,Keyword,
USANPN,EML,00255-metadata.xml,Keyword,
USANPN,EML,00255-metadata.xml,Keyword,
USANPN,EML,00255-metadata.xml,Keyword,
USANPN,EML,00255-metadata.xml,Metadata Access Constraints,
USANPN,EML,00255-metadata.xml,Metadata Access Constraints,
USANPN,EML,00255-metadata.xml,Metadata Use Constraints,
USANPN,EML,00255-metadata.xml,Metadata Use Constraints,
USANPN,EML,00255-metadata.xml,Northernmost Latitude,
USANPN,EML,00255-metadata.xml,Organization Name,
USANPN,EML,00255-metadata.xml,Organization Name,
USANPN,EML,00255-metadata.xml,Originating Organization,
USANPN,EML,00255-metadata.xml,Process Step,
USANPN,EML,00255-metadata.xml,Project Name,
USANPN,EML,00255-metadata.xml,Project Name,
USANPN,EML,00255-metadata.xml,Resource Access Constraints,
USANPN,EML,00255-metadata.xml,Resource Contact,
USANPN,EML,00255-metadata.xml,Resource Format,
USANPN,EML,00255-metadata.xml,Resource Format,
USANPN,EML,00255-metadata.xml,Resource Format,
USANPN,EML,00255-metadata.xml,Resource Identifier,
USANPN,EML,00255-metadata.xml,Resource Identifier Type,
USANPN,EML,00255-metadata.xml,Resource Identifier Type,
USANPN,EML,00255-metadata.xml,Resource Lineage,
USANPN,EML,00255-metadata.xml,Resource Lineage,
USANPN,EML,00255-metadata.xml,Resource Long Name,
USANPN,EML,00255-metadata.xml,Resource Long Name,
USANPN,EML,00255-metadata.xml,Resource Status,
USANPN,EML,00255-metadata.xml,Resource Status,
USANPN,EML,00255-metadata.xml,Resource Title,
USANPN,EML,00255-metadata.xml,Resource Use Constraints,
USANPN,EML,00255-metadata.xml,Responsible Party Identifier,
USANPN,EML,00255-metadata.xml,Responsible Party Identifier,
USANPN,EML,00255-metadata.xml,Rights,
USANPN,EML,00255-metadata.xml,Security Constraints,
USANPN,EML,00255-metadata.xml,Southernmost Latitude,
USANPN,EML,00255-metadata.xml,Spatial Extent,
USANPN,EML,00255-metadata.xml,Temporal Extent,
USANPN,EML,00255-metadata.xml,Theme Keyword,
USANPN,EML,00255-metadata.xml,Theme Keyword,
USANPN,EML,00255-metadata.xml,Theme Keyword,
USANPN,EML,00255-metadata.xml,Theme Keyword,
USANPN,EML,00255-metadata.xml,Theme Keyword,
USANPN,EML,00255-metadata.xml,Theme Keyword,
USANPN,EML,00255-metadata.xml,Theme Keyword,
USANPN,EML,00255-metadata.xml,Theme Keyword,
USANPN,EML,00255-metadata.xml,Westernmost Longitude,
USANPN,EML,00256-metadata.xml,Abstract,
USANPN,EML,00256-metadata.xml,Abstract,
USANPN,EML,00256-metadata.xml,Attribute Definition,
USANPN,EML,00256-metadata.xml,Attribute Definition,
USANPN,EML,00256-metadata.xml,Attribute Definition,
USANPN,EML,00256-metadata.xml,Attribute Definition,
USANPN,EML,00256-metadata.xml,Attribute Definition,
USANPN,EML,00256-metadata.xml,Attribute Definition,
USANPN,EML,00256-metadata.xml,Attribute Definition,
USANPN,EML,00256-metadata.xml,Attribute Definition,
USANPN,EML,00256-metadata.xml,Attribute Definition,
USANPN,EML,00256-metadata.xml,Attribute Definition,
USANPN,EML,00256-metadata.xml,Attribute Definition,
USANPN,EML,00256-metadata.xml,Attribute Definition,
USANPN,EML,00256-metadata.xml,Attribute Definition,
USANPN,EML,00256-metadata.xml,Attribute Definition,
USANPN,EML,00256-metadata.xml,Attribute Definition,
USANPN,EML,00256-metadata.xml,Attribute Definition,
USANPN,EML,00256-metadata.xml,Attribute Definition,
USANPN,EML,00256-metadata.xml,Attribute Definition,
USANPN,EML,00256-metadata.xml,Attribute Definition,
USANPN,EML,00256-metadata.xml,Attribute Definition,
USANPN,EML,00256-metadata.xml,Attribute Definition,
USANPN,EML,00256-metadata.xml,Attribute Definition,
USANPN,EML,00256-metadata.xml,Attribute Definition,
USANPN,EML,00256-metadata.xml,Attribute Definition,
USANPN,EML,00256-metadata.xml,Attribute Definition,
USANPN,EML,00256-metadata.xml,Attribute Definition,
USANPN,EML,00256-metadata.xml,Attribute Definition,
USANPN,EML,00256-metadata.xml,Attribute Definition,
USANPN,EML,00256-metadata.xml,Attribute Definition,
USANPN,EML,00256-metadata.xml,Attribute Definition,
USANPN,EML,00256-metadata.xml,Attribute Definition,
USANPN,EML,00256-metadata.xml,Attribute List,
USANPN,EML,00256-metadata.xml,Attribute List,
USANPN,EML,00256-metadata.xml,Attribute List,
USANPN,EML,00256-metadata.xml,Author,
USANPN,EML,00256-metadata.xml,Author,
USANPN,EML,00256-metadata.xml,Author / Originator,
USANPN,EML,00256-metadata.xml,Author / Originator Identifier,
USANPN,EML,00256-metadata.xml,Author / Originator Identifier,
USANPN,EML,00256-metadata.xml,Author / Originator World Wide Web Address,
USANPN,EML,00256-metadata.xml,Author / Originator World Wide Web Address,
USANPN,EML,00256-metadata.xml,Bounding Box,
USANPN,EML,00256-metadata.xml,Contributor Name,
USANPN,EML,00256-metadata.xml,Contributor Role,
USANPN,EML,00256-metadata.xml,Contributor Role,
USANPN,EML,00256-metadata.xml,Easternmost Longitude,
USANPN,EML,00256-metadata.xml,Entity Type Definition,
USANPN,EML,00256-metadata.xml,Entity Type Definition,
USANPN,EML,00256-metadata.xml,Entity Type Definition,
USANPN,EML,00256-metadata.xml,Keyword,
USANPN,EML,00256-metadata.xml,Keyword,
USANPN,EML,00256-metadata.xml,Keyword,
USANPN,EML,00256-metadata.xml,Keyword,
USANPN,EML,00256-metadata.xml,Keyword,
USANPN,EML,00256-metadata.xml,Keyword,
USANPN,EML,00256-metadata.xml,Keyword,
USANPN,EML,00256-metadata.xml,Keyword,
USANPN,EML,00256-metadata.xml,Metadata Access Constraints,
USANPN,EML,00256-metadata.xml,Metadata Access Constraints,
USANPN,EML,00256-metadata.xml,Metadata Use Constraints,
USANPN,EML,00256-metadata.xml,Metadata Use Constraints,
USANPN,EML,00256-metadata.xml,Northernmost Latitude,
USANPN,EML,00256-metadata.xml,Organization Name,
USANPN,EML,00256-metadata.xml,Organization Name,
USANPN,EML,00256-metadata.xml,Originating Organization,
USANPN,EML,00256-metadata.xml,Process Step,
USANPN,EML,00256-metadata.xml,Project Name,
USANPN,EML,00256-metadata.xml,Project Name,
USANPN,EML,00256-metadata.xml,Resource Access Constraints,
USANPN,EML,00256-metadata.xml,Resource Contact,
USANPN,EML,00256-metadata.xml,Resource Format,
USANPN,EML,00256-metadata.xml,Resource Format,
USANPN,EML,00256-metadata.xml,Resource Format,
USANPN,EML,00256-metadata.xml,Resource Identifier,
USANPN,EML,00256-metadata.xml,Resource Identifier Type,
USANPN,EML,00256-metadata.xml,Resource Identifier Type,
USANPN,EML,00256-metadata.xml,Resource Lineage,
USANPN,EML,00256-metadata.xml,Resource Lineage,
USANPN,EML,00256-metadata.xml,Resource Long Name,
USANPN,EML,00256-metadata.xml,Resource Long Name,
USANPN,EML,00256-metadata.xml,Resource Status,
USANPN,EML,00256-metadata.xml,Resource Status,
USANPN,EML,00256-metadata.xml,Resource Title,
USANPN,EML,00256-metadata.xml,Resource Use Constraints,
USANPN,EML,00256-metadata.xml,Responsible Party Identifier,
USANPN,EML,00256-metadata.xml,Responsible Party Identifier,
USANPN,EML,00256-metadata.xml,Rights,
USANPN,EML,00256-metadata.xml,Security Constraints,
USANPN,EML,00256-metadata.xml,Southernmost Latitude,
USANPN,EML,00256-metadata.xml,Spatial Extent,
USANPN,EML,00256-metadata.xml,Temporal Extent,
USANPN,EML,00256-metadata.xml,Theme Keyword,
USANPN,EML,00256-metadata.xml,Theme Keyword,
USANPN,EML,00256-metadata.xml,Theme Keyword,
USANPN,EML,00256-metadata.xml,Theme Keyword,
USANPN,EML,00256-metadata.xml,Theme Keyword,
USANPN,EML,00256-metadata.xml,Theme Keyword,
USANPN,EML,00256-metadata.xml,Theme Keyword,
USANPN,EML,00256-metadata.xml,Theme Keyword,
USANPN,EML,00256-metadata.xml,Westernmost Longitude,
USANPN,EML,00257-metadata.xml,Abstract,
USANPN,EML,00257-metadata.xml,Abstract,
USANPN,EML,00257-metadata.xml,Attribute Definition,
USANPN,EML,00257-metadata.xml,Attribute Definition,
USANPN,EML,00257-metadata.xml,Attribute Definition,
USANPN,EML,00257-metadata.xml,Attribute Definition,
USANPN,EML,00257-metadata.xml,Attribute Definition,
USANPN,EML,00257-metadata.xml,Attribute Definition,
USANPN,EML,00257-metadata.xml,Attribute Definition,
USANPN,EML,00257-metadata.xml,Attribute Definition,
USANPN,EML,00257-metadata.xml,Attribute Definition,
USANPN,EML,00257-metadata.xml,Attribute Definition,
USANPN,EML,00257-metadata.xml,Attribute Definition,
USANPN,EML,00257-metadata.xml,Attribute Definition,
USANPN,EML,00257-metadata.xml,Attribute Definition,
USANPN,EML,00257-metadata.xml,Attribute Definition,
USANPN,EML,00257-metadata.xml,Attribute Definition,
USANPN,EML,00257-metadata.xml,Attribute Definition,
USANPN,EML,00257-metadata.xml,Attribute Definition,
USANPN,EML,00257-metadata.xml,Attribute Definition,
USANPN,EML,00257-metadata.xml,Attribute Definition,
USANPN,EML,00257-metadata.xml,Attribute Definition,
USANPN,EML,00257-metadata.xml,Attribute Definition,
USANPN,EML,00257-metadata.xml,Attribute Definition,
USANPN,EML,00257-metadata.xml,Attribute Definition,
USANPN,EML,00257-metadata.xml,Attribute Definition,
USANPN,EML,00257-metadata.xml,Attribute Definition,
USANPN,EML,00257-metadata.xml,Attribute Definition,
USANPN,EML,00257-metadata.xml,Attribute Definition,
USANPN,EML,00257-metadata.xml,Attribute Definition,
USANPN,EML,00257-metadata.xml,Attribute Definition,
USANPN,EML,00257-metadata.xml,Attribute Definition,
USANPN,EML,00257-metadata.xml,Attribute Definition,
USANPN,EML,00257-metadata.xml,Attribute List,
USANPN,EML,00257-metadata.xml,Attribute List,
USANPN,EML,00257-metadata.xml,Attribute List,
USANPN,EML,00257-metadata.xml,Author,
USANPN,EML,00257-metadata.xml,Author,
USANPN,EML,00257-metadata.xml,Author / Originator,
USANPN,EML,00257-metadata.xml,Author / Originator Identifier,
USANPN,EML,00257-metadata.xml,Author / Originator Identifier,
USANPN,EML,00257-metadata.xml,Author / Originator World Wide Web Address,
USANPN,EML,00257-metadata.xml,Author / Originator World Wide Web Address,
USANPN,EML,00257-metadata.xml,Bounding Box,
USANPN,EML,00257-metadata.xml,Contributor Name,
USANPN,EML,00257-metadata.xml,Contributor Role,
USANPN,EML,00257-metadata.xml,Contributor Role,
USANPN,EML,00257-metadata.xml,Easternmost Longitude,
USANPN,EML,00257-metadata.xml,Entity Type Definition,
USANPN,EML,00257-metadata.xml,Entity Type Definition,
USANPN,EML,00257-metadata.xml,Entity Type Definition,
USANPN,EML,00257-metadata.xml,Keyword,
USANPN,EML,00257-metadata.xml,Keyword,
USANPN,EML,00257-metadata.xml,Keyword,
USANPN,EML,00257-metadata.xml,Keyword,
USANPN,EML,00257-metadata.xml,Keyword,
USANPN,EML,00257-metadata.xml,Keyword,
USANPN,EML,00257-metadata.xml,Keyword,
USANPN,EML,00257-metadata.xml,Keyword,
USANPN,EML,00257-metadata.xml,Metadata Access Constraints,
USANPN,EML,00257-metadata.xml,Metadata Access Constraints,
USANPN,EML,00257-metadata.xml,Metadata Use Constraints,
USANPN,EML,00257-metadata.xml,Metadata Use Constraints,
USANPN,EML,00257-metadata.xml,Northernmost Latitude,
USANPN,EML,00257-metadata.xml,Organization Name,
USANPN,EML,00257-metadata.xml,Organization Name,
USANPN,EML,00257-metadata.xml,Originating Organization,
USANPN,EML,00257-metadata.xml,Process Step,
USANPN,EML,00257-metadata.xml,Project Name,
USANPN,EML,00257-metadata.xml,Project Name,
USANPN,EML,00257-metadata.xml,Resource Access Constraints,
USANPN,EML,00257-metadata.xml,Resource Contact,
USANPN,EML,00257-metadata.xml,Resource Format,
USANPN,EML,00257-metadata.xml,Resource Format,
USANPN,EML,00257-metadata.xml,Resource Format,
USANPN,EML,00257-metadata.xml,Resource Identifier,
USANPN,EML,00257-metadata.xml,Resource Identifier Type,
USANPN,EML,00257-metadata.xml,Resource Identifier Type,
USANPN,EML,00257-metadata.xml,Resource Lineage,
USANPN,EML,00257-metadata.xml,Resource Lineage,
USANPN,EML,00257-metadata.xml,Resource Long Name,
USANPN,EML,00257-metadata.xml,Resource Long Name,
USANPN,EML,00257-metadata.xml,Resource Status,
USANPN,EML,00257-metadata.xml,Resource Status,
USANPN,EML,00257-metadata.xml,Resource Title,
USANPN,EML,00257-metadata.xml,Resource Use Constraints,
USANPN,EML,00257-metadata.xml,Responsible Party Identifier,
USANPN,EML,00257-metadata.xml,Responsible Party Identifier,
USANPN,EML,00257-metadata.xml,Rights,
USANPN,EML,00257-metadata.xml,Security Constraints,
USANPN,EML,00257-metadata.xml,Southernmost Latitude,
USANPN,EML,00257-metadata.xml,Spatial Extent,
USANPN,EML,00257-metadata.xml,Temporal Extent,
USANPN,EML,00257-metadata.xml,Theme Keyword,
USANPN,EML,00257-metadata.xml,Theme Keyword,
USANPN,EML,00257-metadata.xml,Theme Keyword,
USANPN,EML,00257-metadata.xml,Theme Keyword,
USANPN,EML,00257-metadata.xml,Theme Keyword,
USANPN,EML,00257-metadata.xml,Theme Keyword,
USANPN,EML,00257-metadata.xml,Theme Keyword,
USANPN,EML,00257-metadata.xml,Theme Keyword,
USANPN,EML,00257-metadata.xml,Westernmost Longitude,
USANPN,EML,00258-metadata.xml,Abstract,
USANPN,EML,00258-metadata.xml,Abstract,
USANPN,EML,00258-metadata.xml,Attribute Definition,
USANPN,EML,00258-metadata.xml,Attribute Definition,
USANPN,EML,00258-metadata.xml,Attribute Definition,
USANPN,EML,00258-metadata.xml,Attribute Definition,
USANPN,EML,00258-metadata.xml,Attribute Definition,
USANPN,EML,00258-metadata.xml,Attribute Definition,
USANPN,EML,00258-metadata.xml,Attribute Definition,
USANPN,EML,00258-metadata.xml,Attribute Definition,
USANPN,EML,00258-metadata.xml,Attribute Definition,
USANPN,EML,00258-metadata.xml,Attribute Definition,
USANPN,EML,00258-metadata.xml,Attribute Definition,
USANPN,EML,00258-metadata.xml,Attribute Definition,
USANPN,EML,00258-metadata.xml,Attribute Definition,
USANPN,EML,00258-metadata.xml,Attribute Definition,
USANPN,EML,00258-metadata.xml,Attribute Definition,
USANPN,EML,00258-metadata.xml,Attribute Definition,
USANPN,EML,00258-metadata.xml,Attribute Definition,
USANPN,EML,00258-metadata.xml,Attribute Definition,
USANPN,EML,00258-metadata.xml,Attribute Definition,
USANPN,EML,00258-metadata.xml,Attribute Definition,
USANPN,EML,00258-metadata.xml,Attribute Definition,
USANPN,EML,00258-metadata.xml,Attribute Definition,
USANPN,EML,00258-metadata.xml,Attribute Definition,
USANPN,EML,00258-metadata.xml,Attribute Definition,
USANPN,EML,00258-metadata.xml,Attribute Definition,
USANPN,EML,00258-metadata.xml,Attribute Definition,
USANPN,EML,00258-metadata.xml,Attribute Definition,
USANPN,EML,00258-metadata.xml,Attribute Definition,
USANPN,EML,00258-metadata.xml,Attribute Definition,
USANPN,EML,00258-metadata.xml,Attribute Definition,
USANPN,EML,00258-metadata.xml,Attribute Definition,
USANPN,EML,00258-metadata.xml,Attribute List,
USANPN,EML,00258-metadata.xml,Attribute List,
USANPN,EML,00258-metadata.xml,Attribute List,
USANPN,EML,00258-metadata.xml,Author,
USANPN,EML,00258-metadata.xml,Author,
USANPN,EML,00258-metadata.xml,Author / Originator,
USANPN,EML,00258-metadata.xml,Author / Originator Identifier,
USANPN,EML,00258-metadata.xml,Author / Originator Identifier,
USANPN,EML,00258-metadata.xml,Author / Originator World Wide Web Address,
USANPN,EML,00258-metadata.xml,Author / Originator World Wide Web Address,
USANPN,EML,00258-metadata.xml,Bounding Box,
USANPN,EML,00258-metadata.xml,Contributor Name,
USANPN,EML,00258-metadata.xml,Contributor Role,
USANPN,EML,00258-metadata.xml,Contributor Role,
USANPN,EML,00258-metadata.xml,Easternmost Longitude,
USANPN,EML,00258-metadata.xml,Entity Type Definition,
USANPN,EML,00258-metadata.xml,Entity Type Definition,
USANPN,EML,00258-metadata.xml,Entity Type Definition,
USANPN,EML,00258-metadata.xml,Keyword,
USANPN,EML,00258-metadata.xml,Keyword,
USANPN,EML,00258-metadata.xml,Keyword,
USANPN,EML,00258-metadata.xml,Keyword,
USANPN,EML,00258-metadata.xml,Keyword,
USANPN,EML,00258-metadata.xml,Keyword,
USANPN,EML,00258-metadata.xml,Keyword,
USANPN,EML,00258-metadata.xml,Keyword,
USANPN,EML,00258-metadata.xml,Metadata Access Constraints,
USANPN,EML,00258-metadata.xml,Metadata Access Constraints,
USANPN,EML,00258-metadata.xml,Metadata Use Constraints,
USANPN,EML,00258-metadata.xml,Metadata Use Constraints,
USANPN,EML,00258-metadata.xml,Northernmost Latitude,
USANPN,EML,00258-metadata.xml,Organization Name,
USANPN,EML,00258-metadata.xml,Organization Name,
USANPN,EML,00258-metadata.xml,Originating Organization,
USANPN,EML,00258-metadata.xml,Process Step,
USANPN,EML,00258-metadata.xml,Project Name,
USANPN,EML,00258-metadata.xml,Project Name,
USANPN,EML,00258-metadata.xml,Resource Access Constraints,
USANPN,EML,00258-metadata.xml,Resource Contact,
USANPN,EML,00258-metadata.xml,Resource Format,
USANPN,EML,00258-metadata.xml,Resource Format,
USANPN,EML,00258-metadata.xml,Resource Format,
USANPN,EML,00258-metadata.xml,Resource Identifier,
USANPN,EML,00258-metadata.xml,Resource Identifier Type,
USANPN,EML,00258-metadata.xml,Resource Identifier Type,
USANPN,EML,00258-metadata.xml,Resource Lineage,
USANPN,EML,00258-metadata.xml,Resource Lineage,
USANPN,EML,00258-metadata.xml,Resource Long Name,
USANPN,EML,00258-metadata.xml,Resource Long Name,
USANPN,EML,00258-metadata.xml,Resource Status,
USANPN,EML,00258-metadata.xml,Resource Status,
USANPN,EML,00258-metadata.xml,Resource Title,
USANPN,EML,00258-metadata.xml,Resource Use Constraints,
USANPN,EML,00258-metadata.xml,Responsible Party Identifier,
USANPN,EML,00258-metadata.xml,Responsible Party Identifier,
USANPN,EML,00258-metadata.xml,Rights,
USANPN,EML,00258-metadata.xml,Security Constraints,
USANPN,EML,00258-metadata.xml,Southernmost Latitude,
USANPN,EML,00258-metadata.xml,Spatial Extent,
USANPN,EML,00258-metadata.xml,Temporal Extent,
USANPN,EML,00258-metadata.xml,Theme Keyword,
USANPN,EML,00258-metadata.xml,Theme Keyword,
USANPN,EML,00258-metadata.xml,Theme Keyword,
USANPN,EML,00258-metadata.xml,Theme Keyword,
USANPN,EML,00258-metadata.xml,Theme Keyword,
USANPN,EML,00258-metadata.xml,Theme Keyword,
USANPN,EML,00258-metadata.xml,Theme Keyword,
USANPN,EML,00258-metadata.xml,Theme Keyword,
USANPN,EML,00258-metadata.xml,Westernmost Longitude,
