SEAD,CSDGM,02766-metadata.xml,Abstract,
SEAD,CSDGM,02766-metadata.xml,Author,
SEAD,CSDGM,02766-metadata.xml,Author / Originator,
SEAD,CSDGM,02766-metadata.xml,Bounding Box,
SEAD,CSDGM,02766-metadata.xml,Easternmost Longitude,
SEAD,CSDGM,02766-metadata.xml,Keyword,
SEAD,CSDGM,02766-metadata.xml,Keyword,
SEAD,CSDGM,02766-metadata.xml,Keyword,
SEAD,CSDGM,02766-metadata.xml,Keyword,
SEAD,CSDGM,02766-metadata.xml,Keyword,
SEAD,CSDGM,02766-metadata.xml,Keyword,
SEAD,CSDGM,02766-metadata.xml,Keyword Type,
SEAD,CSDGM,02766-metadata.xml,Keyword Vocabulary,
SEAD,CSDGM,02766-metadata.xml,Maintenance,
SEAD,CSDGM,02766-metadata.xml,Metadata Contact,
SEAD,CSDGM,02766-metadata.xml,Metadata Language,
SEAD,CSDGM,02766-metadata.xml,Metadata Modified Date,
SEAD,CSDGM,02766-metadata.xml,Metadata Standard Citation,
SEAD,CSDGM,02766-metadata.xml,Metadata Standard Version,
SEAD,CSDGM,02766-metadata.xml,Northernmost Latitude,
SEAD,CSDGM,02766-metadata.xml,Organization Name,
SEAD,CSDGM,02766-metadata.xml,Originating Organization,
SEAD,CSDGM,02766-metadata.xml,Phone,
SEAD,CSDGM,02766-metadata.xml,Place Keyword,
SEAD,CSDGM,02766-metadata.xml,Place Keyword,
SEAD,CSDGM,02766-metadata.xml,Place Keyword,
SEAD,CSDGM,02766-metadata.xml,Place Keyword,
SEAD,CSDGM,02766-metadata.xml,Place Keyword Vocabulary,
SEAD,CSDGM,02766-metadata.xml,Project Website Link,
SEAD,CSDGM,02766-metadata.xml,Publication Date,
SEAD,CSDGM,02766-metadata.xml,Resource Access Constraints,
SEAD,CSDGM,02766-metadata.xml,Resource Citation,
SEAD,CSDGM,02766-metadata.xml,Resource Creation/Revision Date,
SEAD,CSDGM,02766-metadata.xml,Resource Status,
SEAD,CSDGM,02766-metadata.xml,Resource Title,
SEAD,CSDGM,02766-metadata.xml,Resource Update Frequency,
SEAD,CSDGM,02766-metadata.xml,Resource Use Constraints,
SEAD,CSDGM,02766-metadata.xml,Resource on-line Link,
SEAD,CSDGM,02766-metadata.xml,Rights,
SEAD,CSDGM,02766-metadata.xml,Rights,
SEAD,CSDGM,02766-metadata.xml,Southernmost Latitude,
SEAD,CSDGM,02766-metadata.xml,Spatial Extent,
SEAD,CSDGM,02766-metadata.xml,Temporal Extent,
SEAD,CSDGM,02766-metadata.xml,URL,
SEAD,CSDGM,02766-metadata.xml,Westernmost Longitude,
SEAD,CSDGM,02767-metadata.xml,Abstract,
SEAD,CSDGM,02767-metadata.xml,Author,
SEAD,CSDGM,02767-metadata.xml,Author,
SEAD,CSDGM,02767-metadata.xml,Author / Originator,
SEAD,CSDGM,02767-metadata.xml,Author / Originator,
SEAD,CSDGM,02767-metadata.xml,Bounding Box,
SEAD,CSDGM,02767-metadata.xml,Distribution Contact,
SEAD,CSDGM,02767-metadata.xml,Distribution Liability,
SEAD,CSDGM,02767-metadata.xml,Easternmost Longitude,
SEAD,CSDGM,02767-metadata.xml,Keyword,
SEAD,CSDGM,02767-metadata.xml,Keyword,
SEAD,CSDGM,02767-metadata.xml,Keyword,
SEAD,CSDGM,02767-metadata.xml,Keyword,
SEAD,CSDGM,02767-metadata.xml,Keyword,
SEAD,CSDGM,02767-metadata.xml,Keyword,
SEAD,CSDGM,02767-metadata.xml,Keyword,
SEAD,CSDGM,02767-metadata.xml,Keyword,
SEAD,CSDGM,02767-metadata.xml,Keyword,
SEAD,CSDGM,02767-metadata.xml,Keyword,
SEAD,CSDGM,02767-metadata.xml,Keyword,
SEAD,CSDGM,02767-metadata.xml,Keyword,
SEAD,CSDGM,02767-metadata.xml,Keyword,
SEAD,CSDGM,02767-metadata.xml,Keyword,
SEAD,CSDGM,02767-metadata.xml,Keyword,
SEAD,CSDGM,02767-metadata.xml,Keyword,
SEAD,CSDGM,02767-metadata.xml,Keyword,
SEAD,CSDGM,02767-metadata.xml,Keyword,
SEAD,CSDGM,02767-metadata.xml,Keyword,
SEAD,CSDGM,02767-metadata.xml,Keyword,
SEAD,CSDGM,02767-metadata.xml,Keyword Type,
SEAD,CSDGM,02767-metadata.xml,Keyword Type,
SEAD,CSDGM,02767-metadata.xml,Keyword Type,
SEAD,CSDGM,02767-metadata.xml,Keyword Type,
SEAD,CSDGM,02767-metadata.xml,Keyword Type,
SEAD,CSDGM,02767-metadata.xml,Keyword Vocabulary,
SEAD,CSDGM,02767-metadata.xml,Keyword Vocabulary,
SEAD,CSDGM,02767-metadata.xml,Keyword Vocabulary,
SEAD,CSDGM,02767-metadata.xml,Keyword Vocabulary,
SEAD,CSDGM,02767-metadata.xml,Keyword Vocabulary,
SEAD,CSDGM,02767-metadata.xml,Maintenance,
SEAD,CSDGM,02767-metadata.xml,Metadata Contact,
SEAD,CSDGM,02767-metadata.xml,Metadata Language,
SEAD,CSDGM,02767-metadata.xml,Metadata Modified Date,
SEAD,CSDGM,02767-metadata.xml,Metadata Standard Citation,
SEAD,CSDGM,02767-metadata.xml,Metadata Standard Version,
SEAD,CSDGM,02767-metadata.xml,Northernmost Latitude,
SEAD,CSDGM,02767-metadata.xml,Organization Name,
SEAD,CSDGM,02767-metadata.xml,Organization Name,
SEAD,CSDGM,02767-metadata.xml,Originating Organization,
SEAD,CSDGM,02767-metadata.xml,Originating Organization,
SEAD,CSDGM,02767-metadata.xml,Phone,
SEAD,CSDGM,02767-metadata.xml,Phone,
SEAD,CSDGM,02767-metadata.xml,Place Keyword,
SEAD,CSDGM,02767-metadata.xml,Place Keyword,
SEAD,CSDGM,02767-metadata.xml,Place Keyword,
SEAD,CSDGM,02767-metadata.xml,Place Keyword,
SEAD,CSDGM,02767-metadata.xml,Place Keyword,
SEAD,CSDGM,02767-metadata.xml,Place Keyword,
SEAD,CSDGM,02767-metadata.xml,Place Keyword,
SEAD,CSDGM,02767-metadata.xml,Place Keyword,
SEAD,CSDGM,02767-metadata.xml,Place Keyword,
SEAD,CSDGM,02767-metadata.xml,Place Keyword,
SEAD,CSDGM,02767-metadata.xml,Place Keyword,
SEAD,CSDGM,02767-metadata.xml,Place Keyword,
SEAD,CSDGM,02767-metadata.xml,Place Keyword,
SEAD,CSDGM,02767-metadata.xml,Place Keyword,
SEAD,CSDGM,02767-metadata.xml,Place Keyword Vocabulary,
SEAD,CSDGM,02767-metadata.xml,Place Keyword Vocabulary,
SEAD,CSDGM,02767-metadata.xml,Place Keyword Vocabulary,
SEAD,CSDGM,02767-metadata.xml,Place Keyword Vocabulary,
SEAD,CSDGM,02767-metadata.xml,Place Keyword Vocabulary,
SEAD,CSDGM,02767-metadata.xml,Place Keyword Vocabulary,
SEAD,CSDGM,02767-metadata.xml,Place Keyword Vocabulary,
SEAD,CSDGM,02767-metadata.xml,Place Keyword Vocabulary,
SEAD,CSDGM,02767-metadata.xml,Place Keyword Vocabulary,
SEAD,CSDGM,02767-metadata.xml,Place Keyword Vocabulary,
SEAD,CSDGM,02767-metadata.xml,Place Keyword Vocabulary,
SEAD,CSDGM,02767-metadata.xml,Place Keyword Vocabulary,
SEAD,CSDGM,02767-metadata.xml,Place Keyword Vocabulary,
SEAD,CSDGM,02767-metadata.xml,Place Keyword Vocabulary,
SEAD,CSDGM,02767-metadata.xml,Project Website Link,
SEAD,CSDGM,02767-metadata.xml,Publication Date,
SEAD,CSDGM,02767-metadata.xml,Publisher,
SEAD,CSDGM,02767-metadata.xml,Publisher Location,
SEAD,CSDGM,02767-metadata.xml,Resource Access Constraints,
SEAD,CSDGM,02767-metadata.xml,Resource Citation,
SEAD,CSDGM,02767-metadata.xml,Resource Contact,
SEAD,CSDGM,02767-metadata.xml,Resource Creation/Revision Date,
SEAD,CSDGM,02767-metadata.xml,Resource Distribution,
SEAD,CSDGM,02767-metadata.xml,Resource Status,
SEAD,CSDGM,02767-metadata.xml,Resource Title,
SEAD,CSDGM,02767-metadata.xml,Resource Type,
SEAD,CSDGM,02767-metadata.xml,Resource Update Frequency,
SEAD,CSDGM,02767-metadata.xml,Resource Use Constraints,
SEAD,CSDGM,02767-metadata.xml,Resource on-line Link,
SEAD,CSDGM,02767-metadata.xml,Rights,
SEAD,CSDGM,02767-metadata.xml,Rights,
SEAD,CSDGM,02767-metadata.xml,Southernmost Latitude,
SEAD,CSDGM,02767-metadata.xml,Spatial Extent,
SEAD,CSDGM,02767-metadata.xml,Temporal Extent,
SEAD,CSDGM,02767-metadata.xml,URL,
SEAD,CSDGM,02767-metadata.xml,Westernmost Longitude,
SEAD,CSDGM,02768-metadata.xml,Abstract,
SEAD,CSDGM,02768-metadata.xml,Acknowledgement,
SEAD,CSDGM,02768-metadata.xml,Author,
SEAD,CSDGM,02768-metadata.xml,Author / Originator,
SEAD,CSDGM,02768-metadata.xml,Bounding Box,
SEAD,CSDGM,02768-metadata.xml,Contributor Name,
SEAD,CSDGM,02768-metadata.xml,Distribution Contact,
SEAD,CSDGM,02768-metadata.xml,Distribution Liability,
SEAD,CSDGM,02768-metadata.xml,Easternmost Longitude,
SEAD,CSDGM,02768-metadata.xml,Keyword,
SEAD,CSDGM,02768-metadata.xml,Keyword,
SEAD,CSDGM,02768-metadata.xml,Keyword,
SEAD,CSDGM,02768-metadata.xml,Keyword,
SEAD,CSDGM,02768-metadata.xml,Keyword,
SEAD,CSDGM,02768-metadata.xml,Keyword,
SEAD,CSDGM,02768-metadata.xml,Keyword,
SEAD,CSDGM,02768-metadata.xml,Keyword Type,
SEAD,CSDGM,02768-metadata.xml,Keyword Type,
SEAD,CSDGM,02768-metadata.xml,Keyword Type,
SEAD,CSDGM,02768-metadata.xml,Keyword Vocabulary,
SEAD,CSDGM,02768-metadata.xml,Keyword Vocabulary,
SEAD,CSDGM,02768-metadata.xml,Keyword Vocabulary,
SEAD,CSDGM,02768-metadata.xml,Maintenance,
SEAD,CSDGM,02768-metadata.xml,Metadata Contact,
SEAD,CSDGM,02768-metadata.xml,Metadata Language,
SEAD,CSDGM,02768-metadata.xml,Metadata Modified Date,
SEAD,CSDGM,02768-metadata.xml,Metadata Standard Citation,
SEAD,CSDGM,02768-metadata.xml,Metadata Standard Version,
SEAD,CSDGM,02768-metadata.xml,Northernmost Latitude,
SEAD,CSDGM,02768-metadata.xml,Organization Name,
SEAD,CSDGM,02768-metadata.xml,Originating Organization,
SEAD,CSDGM,02768-metadata.xml,Overview,
SEAD,CSDGM,02768-metadata.xml,Overview Citation,
SEAD,CSDGM,02768-metadata.xml,Phone,
SEAD,CSDGM,02768-metadata.xml,Phone,
SEAD,CSDGM,02768-metadata.xml,Project Website Link,
SEAD,CSDGM,02768-metadata.xml,Publication Date,
SEAD,CSDGM,02768-metadata.xml,Publisher,
SEAD,CSDGM,02768-metadata.xml,Publisher Location,
SEAD,CSDGM,02768-metadata.xml,Resource Access Constraints,
SEAD,CSDGM,02768-metadata.xml,Resource Citation,
SEAD,CSDGM,02768-metadata.xml,Resource Contact,
SEAD,CSDGM,02768-metadata.xml,Resource Creation/Revision Date,
SEAD,CSDGM,02768-metadata.xml,Resource Distribution,
SEAD,CSDGM,02768-metadata.xml,Resource Status,
SEAD,CSDGM,02768-metadata.xml,Resource Title,
SEAD,CSDGM,02768-metadata.xml,Resource Type,
SEAD,CSDGM,02768-metadata.xml,Resource Update Frequency,
SEAD,CSDGM,02768-metadata.xml,Resource Use Constraints,
SEAD,CSDGM,02768-metadata.xml,Resource on-line Link,
SEAD,CSDGM,02768-metadata.xml,Rights,
SEAD,CSDGM,02768-metadata.xml,Rights,
SEAD,CSDGM,02768-metadata.xml,Southernmost Latitude,
SEAD,CSDGM,02768-metadata.xml,Spatial Extent,
SEAD,CSDGM,02768-metadata.xml,Temporal Extent,
SEAD,CSDGM,02768-metadata.xml,URL,
SEAD,CSDGM,02768-metadata.xml,Westernmost Longitude,
SEAD,CSDGM,02769-metadata.xml,Abstract,
SEAD,CSDGM,02769-metadata.xml,Acknowledgement,
SEAD,CSDGM,02769-metadata.xml,Author,
SEAD,CSDGM,02769-metadata.xml,Author / Originator,
SEAD,CSDGM,02769-metadata.xml,Bounding Box,
SEAD,CSDGM,02769-metadata.xml,Contributor Name,
SEAD,CSDGM,02769-metadata.xml,Distribution Contact,
SEAD,CSDGM,02769-metadata.xml,Distribution Liability,
SEAD,CSDGM,02769-metadata.xml,Easternmost Longitude,
SEAD,CSDGM,02769-metadata.xml,Keyword,
SEAD,CSDGM,02769-metadata.xml,Keyword,
SEAD,CSDGM,02769-metadata.xml,Keyword,
SEAD,CSDGM,02769-metadata.xml,Keyword,
SEAD,CSDGM,02769-metadata.xml,Keyword,
SEAD,CSDGM,02769-metadata.xml,Keyword,
SEAD,CSDGM,02769-metadata.xml,Keyword Type,
SEAD,CSDGM,02769-metadata.xml,Keyword Vocabulary,
SEAD,CSDGM,02769-metadata.xml,Lineage Statement,
SEAD,CSDGM,02769-metadata.xml,Maintenance,
SEAD,CSDGM,02769-metadata.xml,Metadata Contact,
SEAD,CSDGM,02769-metadata.xml,Metadata Language,
SEAD,CSDGM,02769-metadata.xml,Metadata Modified Date,
SEAD,CSDGM,02769-metadata.xml,Metadata Standard Citation,
SEAD,CSDGM,02769-metadata.xml,Metadata Standard Version,
SEAD,CSDGM,02769-metadata.xml,Northernmost Latitude,
SEAD,CSDGM,02769-metadata.xml,Organization Name,
SEAD,CSDGM,02769-metadata.xml,Originating Organization,
SEAD,CSDGM,02769-metadata.xml,Phone,
SEAD,CSDGM,02769-metadata.xml,Phone,
SEAD,CSDGM,02769-metadata.xml,Place Keyword,
SEAD,CSDGM,02769-metadata.xml,Place Keyword,
SEAD,CSDGM,02769-metadata.xml,Place Keyword Vocabulary,
SEAD,CSDGM,02769-metadata.xml,Place Keyword Vocabulary,
SEAD,CSDGM,02769-metadata.xml,Process Step Description,
SEAD,CSDGM,02769-metadata.xml,Process Step Time,
SEAD,CSDGM,02769-metadata.xml,Processor,
SEAD,CSDGM,02769-metadata.xml,Project Website Link,
SEAD,CSDGM,02769-metadata.xml,Publication Date,
SEAD,CSDGM,02769-metadata.xml,Publisher,
SEAD,CSDGM,02769-metadata.xml,Publisher Location,
SEAD,CSDGM,02769-metadata.xml,Quality Statement,
SEAD,CSDGM,02769-metadata.xml,Resource Access Constraints,
SEAD,CSDGM,02769-metadata.xml,Resource Citation,
SEAD,CSDGM,02769-metadata.xml,Resource Contact,
SEAD,CSDGM,02769-metadata.xml,Resource Creation/Revision Date,
SEAD,CSDGM,02769-metadata.xml,Resource Distribution,
SEAD,CSDGM,02769-metadata.xml,Resource Lineage,
SEAD,CSDGM,02769-metadata.xml,Resource Quality Description,
SEAD,CSDGM,02769-metadata.xml,Resource Status,
SEAD,CSDGM,02769-metadata.xml,Resource Title,
SEAD,CSDGM,02769-metadata.xml,Resource Update Frequency,
SEAD,CSDGM,02769-metadata.xml,Resource Use Constraints,
SEAD,CSDGM,02769-metadata.xml,Resource on-line Link,
SEAD,CSDGM,02769-metadata.xml,Rights,
SEAD,CSDGM,02769-metadata.xml,Rights,
SEAD,CSDGM,02769-metadata.xml,Southernmost Latitude,
SEAD,CSDGM,02769-metadata.xml,Spatial Extent,
SEAD,CSDGM,02769-metadata.xml,Temporal Extent,
SEAD,CSDGM,02769-metadata.xml,URL,
SEAD,CSDGM,02769-metadata.xml,Westernmost Longitude,
SEAD,CSDGM,02770-metadata.xml,Abstract,
SEAD,CSDGM,02770-metadata.xml,Acknowledgement,
SEAD,CSDGM,02770-metadata.xml,Author,
SEAD,CSDGM,02770-metadata.xml,Author / Originator,
SEAD,CSDGM,02770-metadata.xml,Bounding Box,
SEAD,CSDGM,02770-metadata.xml,Contributor Name,
SEAD,CSDGM,02770-metadata.xml,Distribution Contact,
SEAD,CSDGM,02770-metadata.xml,Distribution Liability,
SEAD,CSDGM,02770-metadata.xml,Easternmost Longitude,
SEAD,CSDGM,02770-metadata.xml,Keyword,
SEAD,CSDGM,02770-metadata.xml,Keyword,
SEAD,CSDGM,02770-metadata.xml,Keyword,
SEAD,CSDGM,02770-metadata.xml,Keyword,
SEAD,CSDGM,02770-metadata.xml,Keyword,
SEAD,CSDGM,02770-metadata.xml,Keyword,
SEAD,CSDGM,02770-metadata.xml,Keyword Type,
SEAD,CSDGM,02770-metadata.xml,Keyword Type,
SEAD,CSDGM,02770-metadata.xml,Keyword Type,
SEAD,CSDGM,02770-metadata.xml,Keyword Vocabulary,
SEAD,CSDGM,02770-metadata.xml,Keyword Vocabulary,
SEAD,CSDGM,02770-metadata.xml,Keyword Vocabulary,
SEAD,CSDGM,02770-metadata.xml,Maintenance,
SEAD,CSDGM,02770-metadata.xml,Metadata Contact,
SEAD,CSDGM,02770-metadata.xml,Metadata Language,
SEAD,CSDGM,02770-metadata.xml,Metadata Modified Date,
SEAD,CSDGM,02770-metadata.xml,Metadata Standard Citation,
SEAD,CSDGM,02770-metadata.xml,Metadata Standard Version,
SEAD,CSDGM,02770-metadata.xml,Northernmost Latitude,
SEAD,CSDGM,02770-metadata.xml,Organization Name,
SEAD,CSDGM,02770-metadata.xml,Originating Organization,
SEAD,CSDGM,02770-metadata.xml,Phone,
SEAD,CSDGM,02770-metadata.xml,Phone,
SEAD,CSDGM,02770-metadata.xml,Place Keyword,
SEAD,CSDGM,02770-metadata.xml,Place Keyword Vocabulary,
SEAD,CSDGM,02770-metadata.xml,Project Website Link,
SEAD,CSDGM,02770-metadata.xml,Publication Date,
SEAD,CSDGM,02770-metadata.xml,Publisher,
SEAD,CSDGM,02770-metadata.xml,Publisher Location,
SEAD,CSDGM,02770-metadata.xml,Resource Access Constraints,
SEAD,CSDGM,02770-metadata.xml,Resource Citation,
SEAD,CSDGM,02770-metadata.xml,Resource Contact,
SEAD,CSDGM,02770-metadata.xml,Resource Creation/Revision Date,
SEAD,CSDGM,02770-metadata.xml,Resource Distribution,
SEAD,CSDGM,02770-metadata.xml,Resource Status,
SEAD,CSDGM,02770-metadata.xml,Resource Title,
SEAD,CSDGM,02770-metadata.xml,Resource Type,
SEAD,CSDGM,02770-metadata.xml,Resource Update Frequency,
SEAD,CSDGM,02770-metadata.xml,Resource Use Constraints,
SEAD,CSDGM,02770-metadata.xml,Resource on-line Link,
SEAD,CSDGM,02770-metadata.xml,Rights,
SEAD,CSDGM,02770-metadata.xml,Rights,
SEAD,CSDGM,02770-metadata.xml,Southernmost Latitude,
SEAD,CSDGM,02770-metadata.xml,Spatial Extent,
SEAD,CSDGM,02770-metadata.xml,Temporal Extent,
SEAD,CSDGM,02770-metadata.xml,URL,
SEAD,CSDGM,02770-metadata.xml,Westernmost Longitude,
SEAD,CSDGM,02771-metadata.xml,Abstract,
SEAD,CSDGM,02771-metadata.xml,Acknowledgement,
SEAD,CSDGM,02771-metadata.xml,Author,
SEAD,CSDGM,02771-metadata.xml,Author / Originator,
SEAD,CSDGM,02771-metadata.xml,Bounding Box,
SEAD,CSDGM,02771-metadata.xml,Contributor Name,
SEAD,CSDGM,02771-metadata.xml,Distribution Contact,
SEAD,CSDGM,02771-metadata.xml,Distribution Liability,
SEAD,CSDGM,02771-metadata.xml,Easternmost Longitude,
SEAD,CSDGM,02771-metadata.xml,Keyword,
SEAD,CSDGM,02771-metadata.xml,Keyword,
SEAD,CSDGM,02771-metadata.xml,Keyword,
SEAD,CSDGM,02771-metadata.xml,Keyword,
SEAD,CSDGM,02771-metadata.xml,Keyword,
SEAD,CSDGM,02771-metadata.xml,Keyword,
SEAD,CSDGM,02771-metadata.xml,Keyword,
SEAD,CSDGM,02771-metadata.xml,Keyword,
SEAD,CSDGM,02771-metadata.xml,Keyword,
SEAD,CSDGM,02771-metadata.xml,Keyword,
SEAD,CSDGM,02771-metadata.xml,Keyword Type,
SEAD,CSDGM,02771-metadata.xml,Keyword Type,
SEAD,CSDGM,02771-metadata.xml,Keyword Type,
SEAD,CSDGM,02771-metadata.xml,Keyword Type,
SEAD,CSDGM,02771-metadata.xml,Keyword Vocabulary,
SEAD,CSDGM,02771-metadata.xml,Keyword Vocabulary,
SEAD,CSDGM,02771-metadata.xml,Keyword Vocabulary,
SEAD,CSDGM,02771-metadata.xml,Keyword Vocabulary,
SEAD,CSDGM,02771-metadata.xml,Maintenance,
SEAD,CSDGM,02771-metadata.xml,Metadata Contact,
SEAD,CSDGM,02771-metadata.xml,Metadata Language,
SEAD,CSDGM,02771-metadata.xml,Metadata Modified Date,
SEAD,CSDGM,02771-metadata.xml,Metadata Standard Citation,
SEAD,CSDGM,02771-metadata.xml,Metadata Standard Version,
SEAD,CSDGM,02771-metadata.xml,Northernmost Latitude,
SEAD,CSDGM,02771-metadata.xml,Organization Name,
SEAD,CSDGM,02771-metadata.xml,Originating Organization,
SEAD,CSDGM,02771-metadata.xml,Overview,
SEAD,CSDGM,02771-metadata.xml,Overview,
SEAD,CSDGM,02771-metadata.xml,Overview Citation,
SEAD,CSDGM,02771-metadata.xml,Overview Citation,
SEAD,CSDGM,02771-metadata.xml,Phone,
SEAD,CSDGM,02771-metadata.xml,Phone,
SEAD,CSDGM,02771-metadata.xml,Place Keyword,
SEAD,CSDGM,02771-metadata.xml,Place Keyword Vocabulary,
SEAD,CSDGM,02771-metadata.xml,Project Website Link,
SEAD,CSDGM,02771-metadata.xml,Publication Date,
SEAD,CSDGM,02771-metadata.xml,Publisher,
SEAD,CSDGM,02771-metadata.xml,Publisher Location,
SEAD,CSDGM,02771-metadata.xml,Resource Access Constraints,
SEAD,CSDGM,02771-metadata.xml,Resource Citation,
SEAD,CSDGM,02771-metadata.xml,Resource Contact,
SEAD,CSDGM,02771-metadata.xml,Resource Creation/Revision Date,
SEAD,CSDGM,02771-metadata.xml,Resource Distribution,
SEAD,CSDGM,02771-metadata.xml,Resource Status,
SEAD,CSDGM,02771-metadata.xml,Resource Title,
SEAD,CSDGM,02771-metadata.xml,Resource Type,
SEAD,CSDGM,02771-metadata.xml,Resource Update Frequency,
SEAD,CSDGM,02771-metadata.xml,Resource Use Constraints,
SEAD,CSDGM,02771-metadata.xml,Resource on-line Link,
SEAD,CSDGM,02771-metadata.xml,Rights,
SEAD,CSDGM,02771-metadata.xml,Rights,
SEAD,CSDGM,02771-metadata.xml,Southernmost Latitude,
SEAD,CSDGM,02771-metadata.xml,Spatial Extent,
SEAD,CSDGM,02771-metadata.xml,Temporal Extent,
SEAD,CSDGM,02771-metadata.xml,URL,
SEAD,CSDGM,02771-metadata.xml,Westernmost Longitude,
SEAD,CSDGM,02772-metadata.xml,Abstract,
SEAD,CSDGM,02772-metadata.xml,Acknowledgement,
SEAD,CSDGM,02772-metadata.xml,Author,
SEAD,CSDGM,02772-metadata.xml,Author / Originator,
SEAD,CSDGM,02772-metadata.xml,Bounding Box,
SEAD,CSDGM,02772-metadata.xml,Contributor Name,
SEAD,CSDGM,02772-metadata.xml,Distribution Contact,
SEAD,CSDGM,02772-metadata.xml,Distribution Liability,
SEAD,CSDGM,02772-metadata.xml,Easternmost Longitude,
SEAD,CSDGM,02772-metadata.xml,Keyword,
SEAD,CSDGM,02772-metadata.xml,Keyword,
SEAD,CSDGM,02772-metadata.xml,Keyword,
SEAD,CSDGM,02772-metadata.xml,Keyword,
SEAD,CSDGM,02772-metadata.xml,Keyword,
SEAD,CSDGM,02772-metadata.xml,Keyword,
SEAD,CSDGM,02772-metadata.xml,Keyword,
SEAD,CSDGM,02772-metadata.xml,Keyword,
SEAD,CSDGM,02772-metadata.xml,Keyword,
SEAD,CSDGM,02772-metadata.xml,Keyword,
SEAD,CSDGM,02772-metadata.xml,Keyword Type,
SEAD,CSDGM,02772-metadata.xml,Keyword Type,
SEAD,CSDGM,02772-metadata.xml,Keyword Type,
SEAD,CSDGM,02772-metadata.xml,Keyword Type,
SEAD,CSDGM,02772-metadata.xml,Keyword Vocabulary,
SEAD,CSDGM,02772-metadata.xml,Keyword Vocabulary,
SEAD,CSDGM,02772-metadata.xml,Keyword Vocabulary,
SEAD,CSDGM,02772-metadata.xml,Keyword Vocabulary,
SEAD,CSDGM,02772-metadata.xml,Maintenance,
SEAD,CSDGM,02772-metadata.xml,Metadata Contact,
SEAD,CSDGM,02772-metadata.xml,Metadata Language,
SEAD,CSDGM,02772-metadata.xml,Metadata Modified Date,
SEAD,CSDGM,02772-metadata.xml,Metadata Standard Citation,
SEAD,CSDGM,02772-metadata.xml,Metadata Standard Version,
SEAD,CSDGM,02772-metadata.xml,Northernmost Latitude,
SEAD,CSDGM,02772-metadata.xml,Organization Name,
SEAD,CSDGM,02772-metadata.xml,Originating Organization,
SEAD,CSDGM,02772-metadata.xml,Overview,
SEAD,CSDGM,02772-metadata.xml,Overview,
SEAD,CSDGM,02772-metadata.xml,Overview Citation,
SEAD,CSDGM,02772-metadata.xml,Overview Citation,
SEAD,CSDGM,02772-metadata.xml,Phone,
SEAD,CSDGM,02772-metadata.xml,Phone,
SEAD,CSDGM,02772-metadata.xml,Place Keyword,
SEAD,CSDGM,02772-metadata.xml,Place Keyword Vocabulary,
SEAD,CSDGM,02772-metadata.xml,Project Website Link,
SEAD,CSDGM,02772-metadata.xml,Publication Date,
SEAD,CSDGM,02772-metadata.xml,Publisher,
SEAD,CSDGM,02772-metadata.xml,Publisher Location,
SEAD,CSDGM,02772-metadata.xml,Resource Access Constraints,
SEAD,CSDGM,02772-metadata.xml,Resource Citation,
SEAD,CSDGM,02772-metadata.xml,Resource Contact,
SEAD,CSDGM,02772-metadata.xml,Resource Creation/Revision Date,
SEAD,CSDGM,02772-metadata.xml,Resource Distribution,
SEAD,CSDGM,02772-metadata.xml,Resource Status,
SEAD,CSDGM,02772-metadata.xml,Resource Title,
SEAD,CSDGM,02772-metadata.xml,Resource Type,
SEAD,CSDGM,02772-metadata.xml,Resource Update Frequency,
SEAD,CSDGM,02772-metadata.xml,Resource Use Constraints,
SEAD,CSDGM,02772-metadata.xml,Resource on-line Link,
SEAD,CSDGM,02772-metadata.xml,Rights,
SEAD,CSDGM,02772-metadata.xml,Rights,
SEAD,CSDGM,02772-metadata.xml,Southernmost Latitude,
SEAD,CSDGM,02772-metadata.xml,Spatial Extent,
SEAD,CSDGM,02772-metadata.xml,Temporal Extent,
SEAD,CSDGM,02772-metadata.xml,URL,
SEAD,CSDGM,02772-metadata.xml,Westernmost Longitude,
SEAD,CSDGM,02773-metadata.xml,Abstract,
SEAD,CSDGM,02773-metadata.xml,Acknowledgement,
SEAD,CSDGM,02773-metadata.xml,Author,
SEAD,CSDGM,02773-metadata.xml,Author,
SEAD,CSDGM,02773-metadata.xml,Author / Originator,
SEAD,CSDGM,02773-metadata.xml,Author / Originator,
SEAD,CSDGM,02773-metadata.xml,Bounding Box,
SEAD,CSDGM,02773-metadata.xml,Contributor Name,
SEAD,CSDGM,02773-metadata.xml,Distribution Contact,
SEAD,CSDGM,02773-metadata.xml,Distribution Liability,
SEAD,CSDGM,02773-metadata.xml,Easternmost Longitude,
SEAD,CSDGM,02773-metadata.xml,Keyword,
SEAD,CSDGM,02773-metadata.xml,Keyword,
SEAD,CSDGM,02773-metadata.xml,Keyword,
SEAD,CSDGM,02773-metadata.xml,Keyword,
SEAD,CSDGM,02773-metadata.xml,Keyword,
SEAD,CSDGM,02773-metadata.xml,Keyword,
SEAD,CSDGM,02773-metadata.xml,Keyword,
SEAD,CSDGM,02773-metadata.xml,Keyword,
SEAD,CSDGM,02773-metadata.xml,Keyword,
SEAD,CSDGM,02773-metadata.xml,Keyword,
SEAD,CSDGM,02773-metadata.xml,Keyword Type,
SEAD,CSDGM,02773-metadata.xml,Keyword Type,
SEAD,CSDGM,02773-metadata.xml,Keyword Type,
SEAD,CSDGM,02773-metadata.xml,Keyword Vocabulary,
SEAD,CSDGM,02773-metadata.xml,Keyword Vocabulary,
SEAD,CSDGM,02773-metadata.xml,Keyword Vocabulary,
SEAD,CSDGM,02773-metadata.xml,Maintenance,
SEAD,CSDGM,02773-metadata.xml,Metadata Contact,
SEAD,CSDGM,02773-metadata.xml,Metadata Language,
SEAD,CSDGM,02773-metadata.xml,Metadata Modified Date,
SEAD,CSDGM,02773-metadata.xml,Metadata Standard Citation,
SEAD,CSDGM,02773-metadata.xml,Metadata Standard Version,
SEAD,CSDGM,02773-metadata.xml,Northernmost Latitude,
SEAD,CSDGM,02773-metadata.xml,Organization Name,
SEAD,CSDGM,02773-metadata.xml,Organization Name,
SEAD,CSDGM,02773-metadata.xml,Originating Organization,
SEAD,CSDGM,02773-metadata.xml,Originating Organization,
SEAD,CSDGM,02773-metadata.xml,Phone,
SEAD,CSDGM,02773-metadata.xml,Phone,
SEAD,CSDGM,02773-metadata.xml,Place Keyword,
SEAD,CSDGM,02773-metadata.xml,Place Keyword,
SEAD,CSDGM,02773-metadata.xml,Place Keyword Vocabulary,
SEAD,CSDGM,02773-metadata.xml,Project Website Link,
SEAD,CSDGM,02773-metadata.xml,Publication Date,
SEAD,CSDGM,02773-metadata.xml,Publisher,
SEAD,CSDGM,02773-metadata.xml,Publisher Location,
SEAD,CSDGM,02773-metadata.xml,Resource Access Constraints,
SEAD,CSDGM,02773-metadata.xml,Resource Citation,
SEAD,CSDGM,02773-metadata.xml,Resource Contact,
SEAD,CSDGM,02773-metadata.xml,Resource Creation/Revision Date,
SEAD,CSDGM,02773-metadata.xml,Resource Distribution,
SEAD,CSDGM,02773-metadata.xml,Resource Status,
SEAD,CSDGM,02773-metadata.xml,Resource Title,
SEAD,CSDGM,02773-metadata.xml,Resource Update Frequency,
SEAD,CSDGM,02773-metadata.xml,Resource Use Constraints,
SEAD,CSDGM,02773-metadata.xml,Resource on-line Link,
SEAD,CSDGM,02773-metadata.xml,Rights,
SEAD,CSDGM,02773-metadata.xml,Rights,
SEAD,CSDGM,02773-metadata.xml,Southernmost Latitude,
SEAD,CSDGM,02773-metadata.xml,Spatial Extent,
SEAD,CSDGM,02773-metadata.xml,URL,
SEAD,CSDGM,02773-metadata.xml,Westernmost Longitude,
SEAD,CSDGM,02774-metadata.xml,Abstract,
SEAD,CSDGM,02774-metadata.xml,Acknowledgement,
SEAD,CSDGM,02774-metadata.xml,Author,
SEAD,CSDGM,02774-metadata.xml,Author / Originator,
SEAD,CSDGM,02774-metadata.xml,Bounding Box,
SEAD,CSDGM,02774-metadata.xml,Contributor Name,
SEAD,CSDGM,02774-metadata.xml,Distribution Contact,
SEAD,CSDGM,02774-metadata.xml,Distribution Liability,
SEAD,CSDGM,02774-metadata.xml,Easternmost Longitude,
SEAD,CSDGM,02774-metadata.xml,Keyword,
SEAD,CSDGM,02774-metadata.xml,Keyword,
SEAD,CSDGM,02774-metadata.xml,Keyword,
SEAD,CSDGM,02774-metadata.xml,Keyword,
SEAD,CSDGM,02774-metadata.xml,Keyword,
SEAD,CSDGM,02774-metadata.xml,Keyword Type,
SEAD,CSDGM,02774-metadata.xml,Keyword Type,
SEAD,CSDGM,02774-metadata.xml,Keyword Type,
SEAD,CSDGM,02774-metadata.xml,Keyword Vocabulary,
SEAD,CSDGM,02774-metadata.xml,Keyword Vocabulary,
SEAD,CSDGM,02774-metadata.xml,Keyword Vocabulary,
SEAD,CSDGM,02774-metadata.xml,Maintenance,
SEAD,CSDGM,02774-metadata.xml,Metadata Contact,
SEAD,CSDGM,02774-metadata.xml,Metadata Language,
SEAD,CSDGM,02774-metadata.xml,Metadata Modified Date,
SEAD,CSDGM,02774-metadata.xml,Metadata Standard Citation,
SEAD,CSDGM,02774-metadata.xml,Metadata Standard Version,
SEAD,CSDGM,02774-metadata.xml,Northernmost Latitude,
SEAD,CSDGM,02774-metadata.xml,Organization Name,
SEAD,CSDGM,02774-metadata.xml,Originating Organization,
SEAD,CSDGM,02774-metadata.xml,Overview,
SEAD,CSDGM,02774-metadata.xml,Overview,
SEAD,CSDGM,02774-metadata.xml,Overview Citation,
SEAD,CSDGM,02774-metadata.xml,Overview Citation,
SEAD,CSDGM,02774-metadata.xml,Phone,
SEAD,CSDGM,02774-metadata.xml,Phone,
SEAD,CSDGM,02774-metadata.xml,Place Keyword,
SEAD,CSDGM,02774-metadata.xml,Place Keyword Vocabulary,
SEAD,CSDGM,02774-metadata.xml,Project Website Link,
SEAD,CSDGM,02774-metadata.xml,Publication Date,
SEAD,CSDGM,02774-metadata.xml,Publisher,
SEAD,CSDGM,02774-metadata.xml,Publisher Location,
SEAD,CSDGM,02774-metadata.xml,Resource Access Constraints,
SEAD,CSDGM,02774-metadata.xml,Resource Citation,
SEAD,CSDGM,02774-metadata.xml,Resource Contact,
SEAD,CSDGM,02774-metadata.xml,Resource Creation/Revision Date,
SEAD,CSDGM,02774-metadata.xml,Resource Distribution,
SEAD,CSDGM,02774-metadata.xml,Resource Status,
SEAD,CSDGM,02774-metadata.xml,Resource Title,
SEAD,CSDGM,02774-metadata.xml,Resource Type,
SEAD,CSDGM,02774-metadata.xml,Resource Update Frequency,
SEAD,CSDGM,02774-metadata.xml,Resource Use Constraints,
SEAD,CSDGM,02774-metadata.xml,Resource on-line Link,
SEAD,CSDGM,02774-metadata.xml,Rights,
SEAD,CSDGM,02774-metadata.xml,Rights,
SEAD,CSDGM,02774-metadata.xml,Southernmost Latitude,
SEAD,CSDGM,02774-metadata.xml,Spatial Extent,
SEAD,CSDGM,02774-metadata.xml,Temporal Extent,
SEAD,CSDGM,02774-metadata.xml,URL,
SEAD,CSDGM,02774-metadata.xml,Westernmost Longitude,
SEAD,CSDGM,02775-metadata.xml,Abstract,
SEAD,CSDGM,02775-metadata.xml,Acknowledgement,
SEAD,CSDGM,02775-metadata.xml,Author,
SEAD,CSDGM,02775-metadata.xml,Author,
SEAD,CSDGM,02775-metadata.xml,Author,
SEAD,CSDGM,02775-metadata.xml,Author,
SEAD,CSDGM,02775-metadata.xml,Author,
SEAD,CSDGM,02775-metadata.xml,Author,
SEAD,CSDGM,02775-metadata.xml,Author / Originator,
SEAD,CSDGM,02775-metadata.xml,Author / Originator,
SEAD,CSDGM,02775-metadata.xml,Author / Originator,
SEAD,CSDGM,02775-metadata.xml,Author / Originator,
SEAD,CSDGM,02775-metadata.xml,Author / Originator,
SEAD,CSDGM,02775-metadata.xml,Author / Originator,
SEAD,CSDGM,02775-metadata.xml,Bounding Box,
SEAD,CSDGM,02775-metadata.xml,Contributor Name,
SEAD,CSDGM,02775-metadata.xml,Distribution Contact,
SEAD,CSDGM,02775-metadata.xml,Distribution Liability,
SEAD,CSDGM,02775-metadata.xml,Easternmost Longitude,
SEAD,CSDGM,02775-metadata.xml,Keyword,
SEAD,CSDGM,02775-metadata.xml,Keyword,
SEAD,CSDGM,02775-metadata.xml,Keyword,
SEAD,CSDGM,02775-metadata.xml,Keyword,
SEAD,CSDGM,02775-metadata.xml,Keyword,
SEAD,CSDGM,02775-metadata.xml,Keyword Type,
SEAD,CSDGM,02775-metadata.xml,Keyword Type,
SEAD,CSDGM,02775-metadata.xml,Keyword Vocabulary,
SEAD,CSDGM,02775-metadata.xml,Keyword Vocabulary,
SEAD,CSDGM,02775-metadata.xml,Maintenance,
SEAD,CSDGM,02775-metadata.xml,Metadata Contact,
SEAD,CSDGM,02775-metadata.xml,Metadata Language,
SEAD,CSDGM,02775-metadata.xml,Metadata Modified Date,
SEAD,CSDGM,02775-metadata.xml,Metadata Standard Citation,
SEAD,CSDGM,02775-metadata.xml,Metadata Standard Version,
SEAD,CSDGM,02775-metadata.xml,Northernmost Latitude,
SEAD,CSDGM,02775-metadata.xml,Organization Name,
SEAD,CSDGM,02775-metadata.xml,Organization Name,
SEAD,CSDGM,02775-metadata.xml,Organization Name,
SEAD,CSDGM,02775-metadata.xml,Organization Name,
SEAD,CSDGM,02775-metadata.xml,Organization Name,
SEAD,CSDGM,02775-metadata.xml,Organization Name,
SEAD,CSDGM,02775-metadata.xml,Originating Organization,
SEAD,CSDGM,02775-metadata.xml,Originating Organization,
SEAD,CSDGM,02775-metadata.xml,Originating Organization,
SEAD,CSDGM,02775-metadata.xml,Originating Organization,
SEAD,CSDGM,02775-metadata.xml,Originating Organization,
SEAD,CSDGM,02775-metadata.xml,Originating Organization,
SEAD,CSDGM,02775-metadata.xml,Phone,
SEAD,CSDGM,02775-metadata.xml,Phone,
SEAD,CSDGM,02775-metadata.xml,Place Keyword,
SEAD,CSDGM,02775-metadata.xml,Place Keyword Vocabulary,
SEAD,CSDGM,02775-metadata.xml,Project Website Link,
SEAD,CSDGM,02775-metadata.xml,Publication Date,
SEAD,CSDGM,02775-metadata.xml,Publisher,
SEAD,CSDGM,02775-metadata.xml,Publisher Location,
SEAD,CSDGM,02775-metadata.xml,Resource Access Constraints,
SEAD,CSDGM,02775-metadata.xml,Resource Citation,
SEAD,CSDGM,02775-metadata.xml,Resource Contact,
SEAD,CSDGM,02775-metadata.xml,Resource Creation/Revision Date,
SEAD,CSDGM,02775-metadata.xml,Resource Distribution,
SEAD,CSDGM,02775-metadata.xml,Resource Status,
SEAD,CSDGM,02775-metadata.xml,Resource Title,
SEAD,CSDGM,02775-metadata.xml,Resource Update Frequency,
SEAD,CSDGM,02775-metadata.xml,Resource Use Constraints,
SEAD,CSDGM,02775-metadata.xml,Resource on-line Link,
SEAD,CSDGM,02775-metadata.xml,Rights,
SEAD,CSDGM,02775-metadata.xml,Rights,
SEAD,CSDGM,02775-metadata.xml,Southernmost Latitude,
SEAD,CSDGM,02775-metadata.xml,Spatial Extent,
SEAD,CSDGM,02775-metadata.xml,URL,
SEAD,CSDGM,02775-metadata.xml,Westernmost Longitude,
SEAD,CSDGM,02776-metadata.xml,Abstract,
SEAD,CSDGM,02776-metadata.xml,Acknowledgement,
SEAD,CSDGM,02776-metadata.xml,Author,
SEAD,CSDGM,02776-metadata.xml,Author / Originator,
SEAD,CSDGM,02776-metadata.xml,Bounding Box,
SEAD,CSDGM,02776-metadata.xml,Contributor Name,
SEAD,CSDGM,02776-metadata.xml,Distribution Contact,
SEAD,CSDGM,02776-metadata.xml,Distribution Liability,
SEAD,CSDGM,02776-metadata.xml,Easternmost Longitude,
SEAD,CSDGM,02776-metadata.xml,Keyword,
SEAD,CSDGM,02776-metadata.xml,Keyword,
SEAD,CSDGM,02776-metadata.xml,Keyword,
SEAD,CSDGM,02776-metadata.xml,Keyword,
SEAD,CSDGM,02776-metadata.xml,Keyword,
SEAD,CSDGM,02776-metadata.xml,Keyword,
SEAD,CSDGM,02776-metadata.xml,Keyword,
SEAD,CSDGM,02776-metadata.xml,Keyword Type,
SEAD,CSDGM,02776-metadata.xml,Keyword Type,
SEAD,CSDGM,02776-metadata.xml,Keyword Type,
SEAD,CSDGM,02776-metadata.xml,Keyword Type,
SEAD,CSDGM,02776-metadata.xml,Keyword Vocabulary,
SEAD,CSDGM,02776-metadata.xml,Keyword Vocabulary,
SEAD,CSDGM,02776-metadata.xml,Keyword Vocabulary,
SEAD,CSDGM,02776-metadata.xml,Keyword Vocabulary,
SEAD,CSDGM,02776-metadata.xml,Maintenance,
SEAD,CSDGM,02776-metadata.xml,Metadata Contact,
SEAD,CSDGM,02776-metadata.xml,Metadata Language,
SEAD,CSDGM,02776-metadata.xml,Metadata Modified Date,
SEAD,CSDGM,02776-metadata.xml,Metadata Standard Citation,
SEAD,CSDGM,02776-metadata.xml,Metadata Standard Version,
SEAD,CSDGM,02776-metadata.xml,Northernmost Latitude,
SEAD,CSDGM,02776-metadata.xml,Organization Name,
SEAD,CSDGM,02776-metadata.xml,Originating Organization,
SEAD,CSDGM,02776-metadata.xml,Overview,
SEAD,CSDGM,02776-metadata.xml,Overview Citation,
SEAD,CSDGM,02776-metadata.xml,Phone,
SEAD,CSDGM,02776-metadata.xml,Phone,
SEAD,CSDGM,02776-metadata.xml,Place Keyword,
SEAD,CSDGM,02776-metadata.xml,Place Keyword Vocabulary,
SEAD,CSDGM,02776-metadata.xml,Project Website Link,
SEAD,CSDGM,02776-metadata.xml,Publication Date,
SEAD,CSDGM,02776-metadata.xml,Publisher,
SEAD,CSDGM,02776-metadata.xml,Publisher Location,
SEAD,CSDGM,02776-metadata.xml,Resource Access Constraints,
SEAD,CSDGM,02776-metadata.xml,Resource Citation,
SEAD,CSDGM,02776-metadata.xml,Resource Contact,
SEAD,CSDGM,02776-metadata.xml,Resource Creation/Revision Date,
SEAD,CSDGM,02776-metadata.xml,Resource Distribution,
SEAD,CSDGM,02776-metadata.xml,Resource Status,
SEAD,CSDGM,02776-metadata.xml,Resource Title,
SEAD,CSDGM,02776-metadata.xml,Resource Type,
SEAD,CSDGM,02776-metadata.xml,Resource Update Frequency,
SEAD,CSDGM,02776-metadata.xml,Resource Use Constraints,
SEAD,CSDGM,02776-metadata.xml,Resource on-line Link,
SEAD,CSDGM,02776-metadata.xml,Rights,
SEAD,CSDGM,02776-metadata.xml,Rights,
SEAD,CSDGM,02776-metadata.xml,Southernmost Latitude,
SEAD,CSDGM,02776-metadata.xml,Spatial Extent,
SEAD,CSDGM,02776-metadata.xml,Temporal Extent,
SEAD,CSDGM,02776-metadata.xml,URL,
SEAD,CSDGM,02776-metadata.xml,Westernmost Longitude,
SEAD,CSDGM,02777-metadata.xml,Abstract,
SEAD,CSDGM,02777-metadata.xml,Author,
SEAD,CSDGM,02777-metadata.xml,Author / Originator,
SEAD,CSDGM,02777-metadata.xml,Bounding Box,
SEAD,CSDGM,02777-metadata.xml,Distribution Contact,
SEAD,CSDGM,02777-metadata.xml,Distribution Liability,
SEAD,CSDGM,02777-metadata.xml,Easternmost Longitude,
SEAD,CSDGM,02777-metadata.xml,Keyword,
SEAD,CSDGM,02777-metadata.xml,Keyword,
SEAD,CSDGM,02777-metadata.xml,Keyword,
SEAD,CSDGM,02777-metadata.xml,Keyword,
SEAD,CSDGM,02777-metadata.xml,Keyword,
SEAD,CSDGM,02777-metadata.xml,Keyword Type,
SEAD,CSDGM,02777-metadata.xml,Keyword Type,
SEAD,CSDGM,02777-metadata.xml,Keyword Vocabulary,
SEAD,CSDGM,02777-metadata.xml,Keyword Vocabulary,
SEAD,CSDGM,02777-metadata.xml,Maintenance,
SEAD,CSDGM,02777-metadata.xml,Metadata Contact,
SEAD,CSDGM,02777-metadata.xml,Metadata Language,
SEAD,CSDGM,02777-metadata.xml,Metadata Modified Date,
SEAD,CSDGM,02777-metadata.xml,Metadata Standard Citation,
SEAD,CSDGM,02777-metadata.xml,Metadata Standard Version,
SEAD,CSDGM,02777-metadata.xml,Northernmost Latitude,
SEAD,CSDGM,02777-metadata.xml,Organization Name,
SEAD,CSDGM,02777-metadata.xml,Originating Organization,
SEAD,CSDGM,02777-metadata.xml,Phone,
SEAD,CSDGM,02777-metadata.xml,Phone,
SEAD,CSDGM,02777-metadata.xml,Project Website Link,
SEAD,CSDGM,02777-metadata.xml,Publication Date,
SEAD,CSDGM,02777-metadata.xml,Publisher,
SEAD,CSDGM,02777-metadata.xml,Publisher Location,
SEAD,CSDGM,02777-metadata.xml,Resource Access Constraints,
SEAD,CSDGM,02777-metadata.xml,Resource Citation,
SEAD,CSDGM,02777-metadata.xml,Resource Contact,
SEAD,CSDGM,02777-metadata.xml,Resource Creation/Revision Date,
SEAD,CSDGM,02777-metadata.xml,Resource Distribution,
SEAD,CSDGM,02777-metadata.xml,Resource Status,
SEAD,CSDGM,02777-metadata.xml,Resource Title,
SEAD,CSDGM,02777-metadata.xml,Resource Type,
SEAD,CSDGM,02777-metadata.xml,Resource Update Frequency,
SEAD,CSDGM,02777-metadata.xml,Resource Use Constraints,
SEAD,CSDGM,02777-metadata.xml,Resource on-line Link,
SEAD,CSDGM,02777-metadata.xml,Rights,
SEAD,CSDGM,02777-metadata.xml,Rights,
SEAD,CSDGM,02777-metadata.xml,Southernmost Latitude,
SEAD,CSDGM,02777-metadata.xml,Spatial Extent,
SEAD,CSDGM,02777-metadata.xml,Temporal Extent,
SEAD,CSDGM,02777-metadata.xml,URL,
SEAD,CSDGM,02777-metadata.xml,Westernmost Longitude,
SEAD,CSDGM,02778-metadata.xml,Abstract,
SEAD,CSDGM,02778-metadata.xml,Author,
SEAD,CSDGM,02778-metadata.xml,Author,
SEAD,CSDGM,02778-metadata.xml,Author / Originator,
SEAD,CSDGM,02778-metadata.xml,Author / Originator,
SEAD,CSDGM,02778-metadata.xml,Bounding Box,
SEAD,CSDGM,02778-metadata.xml,Distribution Contact,
SEAD,CSDGM,02778-metadata.xml,Distribution Liability,
SEAD,CSDGM,02778-metadata.xml,Easternmost Longitude,
SEAD,CSDGM,02778-metadata.xml,Keyword,
SEAD,CSDGM,02778-metadata.xml,Keyword,
SEAD,CSDGM,02778-metadata.xml,Keyword,
SEAD,CSDGM,02778-metadata.xml,Keyword,
SEAD,CSDGM,02778-metadata.xml,Keyword,
SEAD,CSDGM,02778-metadata.xml,Keyword,
SEAD,CSDGM,02778-metadata.xml,Keyword Type,
SEAD,CSDGM,02778-metadata.xml,Keyword Type,
SEAD,CSDGM,02778-metadata.xml,Keyword Type,
SEAD,CSDGM,02778-metadata.xml,Keyword Type,
SEAD,CSDGM,02778-metadata.xml,Keyword Vocabulary,
SEAD,CSDGM,02778-metadata.xml,Keyword Vocabulary,
SEAD,CSDGM,02778-metadata.xml,Keyword Vocabulary,
SEAD,CSDGM,02778-metadata.xml,Keyword Vocabulary,
SEAD,CSDGM,02778-metadata.xml,Maintenance,
SEAD,CSDGM,02778-metadata.xml,Metadata Contact,
SEAD,CSDGM,02778-metadata.xml,Metadata Language,
SEAD,CSDGM,02778-metadata.xml,Metadata Modified Date,
SEAD,CSDGM,02778-metadata.xml,Metadata Standard Citation,
SEAD,CSDGM,02778-metadata.xml,Metadata Standard Version,
SEAD,CSDGM,02778-metadata.xml,Northernmost Latitude,
SEAD,CSDGM,02778-metadata.xml,Organization Name,
SEAD,CSDGM,02778-metadata.xml,Organization Name,
SEAD,CSDGM,02778-metadata.xml,Originating Organization,
SEAD,CSDGM,02778-metadata.xml,Originating Organization,
SEAD,CSDGM,02778-metadata.xml,Phone,
SEAD,CSDGM,02778-metadata.xml,Phone,
SEAD,CSDGM,02778-metadata.xml,Place Keyword,
SEAD,CSDGM,02778-metadata.xml,Place Keyword,
SEAD,CSDGM,02778-metadata.xml,Place Keyword Vocabulary,
SEAD,CSDGM,02778-metadata.xml,Place Keyword Vocabulary,
SEAD,CSDGM,02778-metadata.xml,Product Link,
SEAD,CSDGM,02778-metadata.xml,Product Link,
SEAD,CSDGM,02778-metadata.xml,Product Link,
SEAD,CSDGM,02778-metadata.xml,Project Website Link,
SEAD,CSDGM,02778-metadata.xml,Publication Date,
SEAD,CSDGM,02778-metadata.xml,Publisher,
SEAD,CSDGM,02778-metadata.xml,Publisher Location,
SEAD,CSDGM,02778-metadata.xml,Resource Access Constraints,
SEAD,CSDGM,02778-metadata.xml,Resource Citation,
SEAD,CSDGM,02778-metadata.xml,Resource Contact,
SEAD,CSDGM,02778-metadata.xml,Resource Creation/Revision Date,
SEAD,CSDGM,02778-metadata.xml,Resource Distribution,
SEAD,CSDGM,02778-metadata.xml,Resource Format,
SEAD,CSDGM,02778-metadata.xml,Resource Status,
SEAD,CSDGM,02778-metadata.xml,Resource Title,
SEAD,CSDGM,02778-metadata.xml,Resource Type,
SEAD,CSDGM,02778-metadata.xml,Resource Update Frequency,
SEAD,CSDGM,02778-metadata.xml,Resource Use Constraints,
SEAD,CSDGM,02778-metadata.xml,Resource on-line Link,
SEAD,CSDGM,02778-metadata.xml,Rights,
SEAD,CSDGM,02778-metadata.xml,Rights,
SEAD,CSDGM,02778-metadata.xml,Southernmost Latitude,
SEAD,CSDGM,02778-metadata.xml,Spatial Extent,
SEAD,CSDGM,02778-metadata.xml,Temporal Extent,
SEAD,CSDGM,02778-metadata.xml,Transfer Size,
SEAD,CSDGM,02778-metadata.xml,URL,
SEAD,CSDGM,02778-metadata.xml,Westernmost Longitude,
SEAD,CSDGM,02779-metadata.xml,Abstract,
SEAD,CSDGM,02779-metadata.xml,Author,
SEAD,CSDGM,02779-metadata.xml,Author / Originator,
SEAD,CSDGM,02779-metadata.xml,Bounding Box,
SEAD,CSDGM,02779-metadata.xml,Easternmost Longitude,
SEAD,CSDGM,02779-metadata.xml,Keyword,
SEAD,CSDGM,02779-metadata.xml,Keyword,
SEAD,CSDGM,02779-metadata.xml,Keyword,
SEAD,CSDGM,02779-metadata.xml,Keyword,
SEAD,CSDGM,02779-metadata.xml,Keyword,
SEAD,CSDGM,02779-metadata.xml,Keyword,
SEAD,CSDGM,02779-metadata.xml,Keyword Type,
SEAD,CSDGM,02779-metadata.xml,Keyword Vocabulary,
SEAD,CSDGM,02779-metadata.xml,Maintenance,
SEAD,CSDGM,02779-metadata.xml,Metadata Contact,
SEAD,CSDGM,02779-metadata.xml,Metadata Language,
SEAD,CSDGM,02779-metadata.xml,Metadata Modified Date,
SEAD,CSDGM,02779-metadata.xml,Metadata Standard Citation,
SEAD,CSDGM,02779-metadata.xml,Metadata Standard Version,
SEAD,CSDGM,02779-metadata.xml,Northernmost Latitude,
SEAD,CSDGM,02779-metadata.xml,Organization Name,
SEAD,CSDGM,02779-metadata.xml,Originating Organization,
SEAD,CSDGM,02779-metadata.xml,Phone,
SEAD,CSDGM,02779-metadata.xml,Place Keyword,
SEAD,CSDGM,02779-metadata.xml,Place Keyword,
SEAD,CSDGM,02779-metadata.xml,Place Keyword,
SEAD,CSDGM,02779-metadata.xml,Place Keyword,
SEAD,CSDGM,02779-metadata.xml,Place Keyword Vocabulary,
SEAD,CSDGM,02779-metadata.xml,Project Website Link,
SEAD,CSDGM,02779-metadata.xml,Publication Date,
SEAD,CSDGM,02779-metadata.xml,Resource Access Constraints,
SEAD,CSDGM,02779-metadata.xml,Resource Citation,
SEAD,CSDGM,02779-metadata.xml,Resource Creation/Revision Date,
SEAD,CSDGM,02779-metadata.xml,Resource Status,
SEAD,CSDGM,02779-metadata.xml,Resource Title,
SEAD,CSDGM,02779-metadata.xml,Resource Update Frequency,
SEAD,CSDGM,02779-metadata.xml,Resource Use Constraints,
SEAD,CSDGM,02779-metadata.xml,Resource on-line Link,
SEAD,CSDGM,02779-metadata.xml,Rights,
SEAD,CSDGM,02779-metadata.xml,Rights,
SEAD,CSDGM,02779-metadata.xml,Southernmost Latitude,
SEAD,CSDGM,02779-metadata.xml,Spatial Extent,
SEAD,CSDGM,02779-metadata.xml,Temporal Extent,
SEAD,CSDGM,02779-metadata.xml,URL,
SEAD,CSDGM,02779-metadata.xml,Westernmost Longitude,
SEAD,CSDGM,02780-metadata.xml,Abstract,
SEAD,CSDGM,02780-metadata.xml,Author,
SEAD,CSDGM,02780-metadata.xml,Author / Originator,
SEAD,CSDGM,02780-metadata.xml,Bounding Box,
SEAD,CSDGM,02780-metadata.xml,Easternmost Longitude,
SEAD,CSDGM,02780-metadata.xml,Keyword,
SEAD,CSDGM,02780-metadata.xml,Keyword,
SEAD,CSDGM,02780-metadata.xml,Keyword,
SEAD,CSDGM,02780-metadata.xml,Keyword,
SEAD,CSDGM,02780-metadata.xml,Keyword,
SEAD,CSDGM,02780-metadata.xml,Keyword,
SEAD,CSDGM,02780-metadata.xml,Keyword Type,
SEAD,CSDGM,02780-metadata.xml,Keyword Vocabulary,
SEAD,CSDGM,02780-metadata.xml,Maintenance,
SEAD,CSDGM,02780-metadata.xml,Metadata Contact,
SEAD,CSDGM,02780-metadata.xml,Metadata Language,
SEAD,CSDGM,02780-metadata.xml,Metadata Modified Date,
SEAD,CSDGM,02780-metadata.xml,Metadata Standard Citation,
SEAD,CSDGM,02780-metadata.xml,Metadata Standard Version,
SEAD,CSDGM,02780-metadata.xml,Northernmost Latitude,
SEAD,CSDGM,02780-metadata.xml,Organization Name,
SEAD,CSDGM,02780-metadata.xml,Originating Organization,
SEAD,CSDGM,02780-metadata.xml,Phone,
SEAD,CSDGM,02780-metadata.xml,Place Keyword,
SEAD,CSDGM,02780-metadata.xml,Place Keyword,
SEAD,CSDGM,02780-metadata.xml,Place Keyword,
SEAD,CSDGM,02780-metadata.xml,Place Keyword,
SEAD,CSDGM,02780-metadata.xml,Place Keyword Vocabulary,
SEAD,CSDGM,02780-metadata.xml,Project Website Link,
SEAD,CSDGM,02780-metadata.xml,Publication Date,
SEAD,CSDGM,02780-metadata.xml,Resource Access Constraints,
SEAD,CSDGM,02780-metadata.xml,Resource Citation,
SEAD,CSDGM,02780-metadata.xml,Resource Creation/Revision Date,
SEAD,CSDGM,02780-metadata.xml,Resource Status,
SEAD,CSDGM,02780-metadata.xml,Resource Title,
SEAD,CSDGM,02780-metadata.xml,Resource Update Frequency,
SEAD,CSDGM,02780-metadata.xml,Resource Use Constraints,
SEAD,CSDGM,02780-metadata.xml,Resource on-line Link,
SEAD,CSDGM,02780-metadata.xml,Rights,
SEAD,CSDGM,02780-metadata.xml,Rights,
SEAD,CSDGM,02780-metadata.xml,Southernmost Latitude,
SEAD,CSDGM,02780-metadata.xml,Spatial Extent,
SEAD,CSDGM,02780-metadata.xml,Temporal Extent,
SEAD,CSDGM,02780-metadata.xml,URL,
SEAD,CSDGM,02780-metadata.xml,Westernmost Longitude,
SEAD,CSDGM,02781-metadata.xml,Abstract,
SEAD,CSDGM,02781-metadata.xml,Author,
SEAD,CSDGM,02781-metadata.xml,Author / Originator,
SEAD,CSDGM,02781-metadata.xml,Bounding Box,
SEAD,CSDGM,02781-metadata.xml,Easternmost Longitude,
SEAD,CSDGM,02781-metadata.xml,Keyword,
SEAD,CSDGM,02781-metadata.xml,Keyword,
SEAD,CSDGM,02781-metadata.xml,Keyword,
SEAD,CSDGM,02781-metadata.xml,Keyword,
SEAD,CSDGM,02781-metadata.xml,Keyword,
SEAD,CSDGM,02781-metadata.xml,Keyword,
SEAD,CSDGM,02781-metadata.xml,Keyword Type,
SEAD,CSDGM,02781-metadata.xml,Keyword Vocabulary,
SEAD,CSDGM,02781-metadata.xml,Maintenance,
SEAD,CSDGM,02781-metadata.xml,Metadata Contact,
SEAD,CSDGM,02781-metadata.xml,Metadata Language,
SEAD,CSDGM,02781-metadata.xml,Metadata Modified Date,
SEAD,CSDGM,02781-metadata.xml,Metadata Standard Citation,
SEAD,CSDGM,02781-metadata.xml,Metadata Standard Version,
SEAD,CSDGM,02781-metadata.xml,Northernmost Latitude,
SEAD,CSDGM,02781-metadata.xml,Organization Name,
SEAD,CSDGM,02781-metadata.xml,Originating Organization,
SEAD,CSDGM,02781-metadata.xml,Phone,
SEAD,CSDGM,02781-metadata.xml,Place Keyword,
SEAD,CSDGM,02781-metadata.xml,Place Keyword,
SEAD,CSDGM,02781-metadata.xml,Place Keyword,
SEAD,CSDGM,02781-metadata.xml,Place Keyword,
SEAD,CSDGM,02781-metadata.xml,Place Keyword Vocabulary,
SEAD,CSDGM,02781-metadata.xml,Project Website Link,
SEAD,CSDGM,02781-metadata.xml,Publication Date,
SEAD,CSDGM,02781-metadata.xml,Resource Access Constraints,
SEAD,CSDGM,02781-metadata.xml,Resource Citation,
SEAD,CSDGM,02781-metadata.xml,Resource Creation/Revision Date,
SEAD,CSDGM,02781-metadata.xml,Resource Status,
SEAD,CSDGM,02781-metadata.xml,Resource Title,
SEAD,CSDGM,02781-metadata.xml,Resource Update Frequency,
SEAD,CSDGM,02781-metadata.xml,Resource Use Constraints,
SEAD,CSDGM,02781-metadata.xml,Resource on-line Link,
SEAD,CSDGM,02781-metadata.xml,Rights,
SEAD,CSDGM,02781-metadata.xml,Rights,
SEAD,CSDGM,02781-metadata.xml,Southernmost Latitude,
SEAD,CSDGM,02781-metadata.xml,Spatial Extent,
SEAD,CSDGM,02781-metadata.xml,Temporal Extent,
SEAD,CSDGM,02781-metadata.xml,URL,
SEAD,CSDGM,02781-metadata.xml,Westernmost Longitude,
SEAD,CSDGM,02782-metadata.xml,Abstract,
SEAD,CSDGM,02782-metadata.xml,Author,
SEAD,CSDGM,02782-metadata.xml,Author / Originator,
SEAD,CSDGM,02782-metadata.xml,Bounding Box,
SEAD,CSDGM,02782-metadata.xml,Easternmost Longitude,
SEAD,CSDGM,02782-metadata.xml,Keyword,
SEAD,CSDGM,02782-metadata.xml,Keyword,
SEAD,CSDGM,02782-metadata.xml,Keyword,
SEAD,CSDGM,02782-metadata.xml,Keyword,
SEAD,CSDGM,02782-metadata.xml,Keyword,
SEAD,CSDGM,02782-metadata.xml,Keyword,
SEAD,CSDGM,02782-metadata.xml,Keyword Type,
SEAD,CSDGM,02782-metadata.xml,Keyword Vocabulary,
SEAD,CSDGM,02782-metadata.xml,Maintenance,
SEAD,CSDGM,02782-metadata.xml,Metadata Contact,
SEAD,CSDGM,02782-metadata.xml,Metadata Language,
SEAD,CSDGM,02782-metadata.xml,Metadata Modified Date,
SEAD,CSDGM,02782-metadata.xml,Metadata Standard Citation,
SEAD,CSDGM,02782-metadata.xml,Metadata Standard Version,
SEAD,CSDGM,02782-metadata.xml,Northernmost Latitude,
SEAD,CSDGM,02782-metadata.xml,Organization Name,
SEAD,CSDGM,02782-metadata.xml,Originating Organization,
SEAD,CSDGM,02782-metadata.xml,Phone,
SEAD,CSDGM,02782-metadata.xml,Place Keyword,
SEAD,CSDGM,02782-metadata.xml,Place Keyword,
SEAD,CSDGM,02782-metadata.xml,Place Keyword,
SEAD,CSDGM,02782-metadata.xml,Place Keyword,
SEAD,CSDGM,02782-metadata.xml,Place Keyword Vocabulary,
SEAD,CSDGM,02782-metadata.xml,Project Website Link,
SEAD,CSDGM,02782-metadata.xml,Publication Date,
SEAD,CSDGM,02782-metadata.xml,Resource Access Constraints,
SEAD,CSDGM,02782-metadata.xml,Resource Citation,
SEAD,CSDGM,02782-metadata.xml,Resource Creation/Revision Date,
SEAD,CSDGM,02782-metadata.xml,Resource Status,
SEAD,CSDGM,02782-metadata.xml,Resource Title,
SEAD,CSDGM,02782-metadata.xml,Resource Update Frequency,
SEAD,CSDGM,02782-metadata.xml,Resource Use Constraints,
SEAD,CSDGM,02782-metadata.xml,Resource on-line Link,
SEAD,CSDGM,02782-metadata.xml,Rights,
SEAD,CSDGM,02782-metadata.xml,Rights,
SEAD,CSDGM,02782-metadata.xml,Southernmost Latitude,
SEAD,CSDGM,02782-metadata.xml,Spatial Extent,
SEAD,CSDGM,02782-metadata.xml,Temporal Extent,
SEAD,CSDGM,02782-metadata.xml,URL,
SEAD,CSDGM,02782-metadata.xml,Westernmost Longitude,
SEAD,CSDGM,02783-metadata.xml,Abstract,
SEAD,CSDGM,02783-metadata.xml,Author,
SEAD,CSDGM,02783-metadata.xml,Author,
SEAD,CSDGM,02783-metadata.xml,Author,
SEAD,CSDGM,02783-metadata.xml,Author / Originator,
SEAD,CSDGM,02783-metadata.xml,Author / Originator,
SEAD,CSDGM,02783-metadata.xml,Author / Originator,
SEAD,CSDGM,02783-metadata.xml,Bounding Box,
SEAD,CSDGM,02783-metadata.xml,Easternmost Longitude,
SEAD,CSDGM,02783-metadata.xml,Keyword,
SEAD,CSDGM,02783-metadata.xml,Keyword,
SEAD,CSDGM,02783-metadata.xml,Keyword,
SEAD,CSDGM,02783-metadata.xml,Keyword,
SEAD,CSDGM,02783-metadata.xml,Keyword,
SEAD,CSDGM,02783-metadata.xml,Keyword,
SEAD,CSDGM,02783-metadata.xml,Keyword Type,
SEAD,CSDGM,02783-metadata.xml,Keyword Vocabulary,
SEAD,CSDGM,02783-metadata.xml,Maintenance,
SEAD,CSDGM,02783-metadata.xml,Metadata Contact,
SEAD,CSDGM,02783-metadata.xml,Metadata Language,
SEAD,CSDGM,02783-metadata.xml,Metadata Modified Date,
SEAD,CSDGM,02783-metadata.xml,Metadata Standard Citation,
SEAD,CSDGM,02783-metadata.xml,Metadata Standard Version,
SEAD,CSDGM,02783-metadata.xml,Northernmost Latitude,
SEAD,CSDGM,02783-metadata.xml,Organization Name,
SEAD,CSDGM,02783-metadata.xml,Organization Name,
SEAD,CSDGM,02783-metadata.xml,Organization Name,
SEAD,CSDGM,02783-metadata.xml,Originating Organization,
SEAD,CSDGM,02783-metadata.xml,Originating Organization,
SEAD,CSDGM,02783-metadata.xml,Originating Organization,
SEAD,CSDGM,02783-metadata.xml,Phone,
SEAD,CSDGM,02783-metadata.xml,Place Keyword,
SEAD,CSDGM,02783-metadata.xml,Place Keyword,
SEAD,CSDGM,02783-metadata.xml,Place Keyword,
SEAD,CSDGM,02783-metadata.xml,Place Keyword,
SEAD,CSDGM,02783-metadata.xml,Place Keyword Vocabulary,
SEAD,CSDGM,02783-metadata.xml,Project Website Link,
SEAD,CSDGM,02783-metadata.xml,Publication Date,
SEAD,CSDGM,02783-metadata.xml,Resource Access Constraints,
SEAD,CSDGM,02783-metadata.xml,Resource Citation,
SEAD,CSDGM,02783-metadata.xml,Resource Creation/Revision Date,
SEAD,CSDGM,02783-metadata.xml,Resource Status,
SEAD,CSDGM,02783-metadata.xml,Resource Title,
SEAD,CSDGM,02783-metadata.xml,Resource Update Frequency,
SEAD,CSDGM,02783-metadata.xml,Resource Use Constraints,
SEAD,CSDGM,02783-metadata.xml,Resource on-line Link,
SEAD,CSDGM,02783-metadata.xml,Rights,
SEAD,CSDGM,02783-metadata.xml,Rights,
SEAD,CSDGM,02783-metadata.xml,Southernmost Latitude,
SEAD,CSDGM,02783-metadata.xml,Spatial Extent,
SEAD,CSDGM,02783-metadata.xml,Temporal Extent,
SEAD,CSDGM,02783-metadata.xml,URL,
SEAD,CSDGM,02783-metadata.xml,Westernmost Longitude,
