Collection,Dialect,Record,Concept
GLEON,EML,04050-metadata.xml,Unknown
GLEON,EML,04050-metadata.xml,Security Constraints
GLEON,EML,04050-metadata.xml,Resource Access Constraints
GLEON,EML,04050-metadata.xml,Metadata Access Constraints
GLEON,EML,04050-metadata.xml,Metadata Use Constraints
GLEON,EML,04050-metadata.xml,Resource Status
GLEON,EML,04050-metadata.xml,Resource Title
GLEON,EML,04050-metadata.xml,Resource Long Name
GLEON,EML,04050-metadata.xml,Author
GLEON,EML,04050-metadata.xml,Author / Originator
GLEON,EML,04050-metadata.xml,Metadata Contact
GLEON,EML,04050-metadata.xml,Contributor Name
GLEON,EML,04050-metadata.xml,Resource Creation/Revision Date
GLEON,EML,04050-metadata.xml,Publication Date
GLEON,EML,04050-metadata.xml,Abstract
GLEON,EML,04050-metadata.xml,Keyword
GLEON,EML,04050-metadata.xml,Keyword Vocabulary
GLEON,EML,04050-metadata.xml,Rights
GLEON,EML,04050-metadata.xml,Resource Use Constraints
GLEON,EML,04050-metadata.xml,Resource Distribution
GLEON,EML,04050-metadata.xml,Temporal Extent
GLEON,EML,04050-metadata.xml,Spatial Extent
GLEON,EML,04050-metadata.xml,Resource Contact
GLEON,EML,04051-metadata.xml,Unknown
GLEON,EML,04051-metadata.xml,Security Constraints
GLEON,EML,04051-metadata.xml,Resource Access Constraints
GLEON,EML,04051-metadata.xml,Metadata Access Constraints
GLEON,EML,04051-metadata.xml,Metadata Use Constraints
GLEON,EML,04051-metadata.xml,Resource Status
GLEON,EML,04051-metadata.xml,Resource Title
GLEON,EML,04051-metadata.xml,Resource Long Name
GLEON,EML,04051-metadata.xml,Author
GLEON,EML,04051-metadata.xml,Author / Originator
GLEON,EML,04051-metadata.xml,Metadata Contact
GLEON,EML,04051-metadata.xml,Resource Creation/Revision Date
GLEON,EML,04051-metadata.xml,Publication Date
GLEON,EML,04051-metadata.xml,Resource Language
GLEON,EML,04051-metadata.xml,Abstract
GLEON,EML,04051-metadata.xml,Keyword
GLEON,EML,04051-metadata.xml,Keyword Vocabulary
GLEON,EML,04051-metadata.xml,Rights
GLEON,EML,04051-metadata.xml,Resource Use Constraints
GLEON,EML,04051-metadata.xml,Resource Distribution
GLEON,EML,04051-metadata.xml,Spatial Extent
GLEON,EML,04051-metadata.xml,Temporal Extent
GLEON,EML,04051-metadata.xml,Maintenance
GLEON,EML,04051-metadata.xml,Resource Contact
GLEON,EML,04051-metadata.xml,Publisher
GLEON,EML,04051-metadata.xml,Process Step
GLEON,EML,04051-metadata.xml,Resource Lineage
GLEON,EML,04051-metadata.xml,Related Resource Citation
GLEON,EML,04051-metadata.xml,Project Description
GLEON,EML,04051-metadata.xml,Entity and Attribute Information
GLEON,EML,04051-metadata.xml,Entity Type Definition
GLEON,EML,04051-metadata.xml,Resource Format
GLEON,EML,04051-metadata.xml,Distribution Format
GLEON,EML,04051-metadata.xml,Attribute List
GLEON,EML,04052-metadata.xml,Unknown
GLEON,EML,04052-metadata.xml,Security Constraints
GLEON,EML,04052-metadata.xml,Resource Access Constraints
GLEON,EML,04052-metadata.xml,Metadata Access Constraints
GLEON,EML,04052-metadata.xml,Metadata Use Constraints
GLEON,EML,04052-metadata.xml,Resource Status
GLEON,EML,04052-metadata.xml,Resource Title
GLEON,EML,04052-metadata.xml,Resource Long Name
GLEON,EML,04052-metadata.xml,Author
GLEON,EML,04052-metadata.xml,Author / Originator
GLEON,EML,04052-metadata.xml,Metadata Contact
GLEON,EML,04052-metadata.xml,Contributor Name
GLEON,EML,04052-metadata.xml,Resource Creation/Revision Date
GLEON,EML,04052-metadata.xml,Publication Date
GLEON,EML,04052-metadata.xml,Abstract
GLEON,EML,04052-metadata.xml,Rights
GLEON,EML,04052-metadata.xml,Resource Use Constraints
GLEON,EML,04052-metadata.xml,Resource Distribution
GLEON,EML,04052-metadata.xml,Temporal Extent
GLEON,EML,04052-metadata.xml,Spatial Extent
GLEON,EML,04052-metadata.xml,Resource Contact
GLEON,EML,04053-metadata.xml,Unknown
GLEON,EML,04053-metadata.xml,Security Constraints
GLEON,EML,04053-metadata.xml,Resource Access Constraints
GLEON,EML,04053-metadata.xml,Metadata Access Constraints
GLEON,EML,04053-metadata.xml,Metadata Use Constraints
GLEON,EML,04053-metadata.xml,Resource Status
GLEON,EML,04053-metadata.xml,Resource Title
GLEON,EML,04053-metadata.xml,Resource Long Name
GLEON,EML,04053-metadata.xml,Author
GLEON,EML,04053-metadata.xml,Author / Originator
GLEON,EML,04053-metadata.xml,Abstract
GLEON,EML,04053-metadata.xml,Keyword
GLEON,EML,04053-metadata.xml,Rights
GLEON,EML,04053-metadata.xml,Resource Use Constraints
GLEON,EML,04053-metadata.xml,Spatial Extent
GLEON,EML,04053-metadata.xml,Temporal Extent
GLEON,EML,04053-metadata.xml,Resource Contact
GLEON,EML,04053-metadata.xml,Process Step
GLEON,EML,04053-metadata.xml,Resource Lineage
GLEON,EML,04053-metadata.xml,Entity and Attribute Information
GLEON,EML,04053-metadata.xml,Entity Type Definition
GLEON,EML,04053-metadata.xml,Resource Format
GLEON,EML,04053-metadata.xml,Distribution Format
GLEON,EML,04053-metadata.xml,Attribute List
GLEON,EML,04054-metadata.xml,Unknown
GLEON,EML,04054-metadata.xml,Security Constraints
GLEON,EML,04054-metadata.xml,Resource Access Constraints
GLEON,EML,04054-metadata.xml,Metadata Access Constraints
GLEON,EML,04054-metadata.xml,Metadata Use Constraints
GLEON,EML,04054-metadata.xml,Resource Status
GLEON,EML,04054-metadata.xml,Resource Title
GLEON,EML,04054-metadata.xml,Resource Long Name
GLEON,EML,04054-metadata.xml,Author
GLEON,EML,04054-metadata.xml,Author / Originator
GLEON,EML,04054-metadata.xml,Metadata Contact
GLEON,EML,04054-metadata.xml,Resource Language
GLEON,EML,04054-metadata.xml,Abstract
GLEON,EML,04054-metadata.xml,Keyword
GLEON,EML,04054-metadata.xml,Keyword Vocabulary
GLEON,EML,04054-metadata.xml,Rights
GLEON,EML,04054-metadata.xml,Resource Use Constraints
GLEON,EML,04054-metadata.xml,Resource Distribution
GLEON,EML,04054-metadata.xml,Spatial Extent
GLEON,EML,04054-metadata.xml,Temporal Extent
GLEON,EML,04054-metadata.xml,Maintenance
GLEON,EML,04054-metadata.xml,Resource Contact
GLEON,EML,04054-metadata.xml,Publisher
GLEON,EML,04054-metadata.xml,Process Step
GLEON,EML,04054-metadata.xml,Resource Lineage
GLEON,EML,04054-metadata.xml,Related Resource Citation
GLEON,EML,04054-metadata.xml,Project Description
GLEON,EML,04054-metadata.xml,Entity and Attribute Information
GLEON,EML,04054-metadata.xml,Entity Type Definition
GLEON,EML,04054-metadata.xml,Resource Format
GLEON,EML,04054-metadata.xml,Distribution Format
GLEON,EML,04054-metadata.xml,Attribute List
GLEON,EML,04055-metadata.xml,Unknown
GLEON,EML,04055-metadata.xml,Security Constraints
GLEON,EML,04055-metadata.xml,Resource Access Constraints
GLEON,EML,04055-metadata.xml,Metadata Access Constraints
GLEON,EML,04055-metadata.xml,Metadata Use Constraints
GLEON,EML,04055-metadata.xml,Resource Status
GLEON,EML,04055-metadata.xml,Resource Title
GLEON,EML,04055-metadata.xml,Resource Long Name
GLEON,EML,04055-metadata.xml,Author
GLEON,EML,04055-metadata.xml,Author / Originator
GLEON,EML,04055-metadata.xml,Contributor Name
GLEON,EML,04055-metadata.xml,Abstract
GLEON,EML,04055-metadata.xml,Keyword
GLEON,EML,04055-metadata.xml,Rights
GLEON,EML,04055-metadata.xml,Resource Use Constraints
GLEON,EML,04055-metadata.xml,Spatial Extent
GLEON,EML,04055-metadata.xml,Temporal Extent
GLEON,EML,04055-metadata.xml,Resource Contact
GLEON,EML,04055-metadata.xml,Process Step
GLEON,EML,04055-metadata.xml,Resource Lineage
GLEON,EML,04055-metadata.xml,Entity and Attribute Information
GLEON,EML,04055-metadata.xml,Entity Type Definition
GLEON,EML,04055-metadata.xml,Resource Format
GLEON,EML,04055-metadata.xml,Distribution Format
GLEON,EML,04055-metadata.xml,Attribute List
GLEON,EML,04056-metadata.xml,Unknown
GLEON,EML,04056-metadata.xml,Security Constraints
GLEON,EML,04056-metadata.xml,Resource Access Constraints
GLEON,EML,04056-metadata.xml,Metadata Access Constraints
GLEON,EML,04056-metadata.xml,Metadata Use Constraints
GLEON,EML,04056-metadata.xml,Resource Status
GLEON,EML,04056-metadata.xml,Resource Title
GLEON,EML,04056-metadata.xml,Resource Long Name
GLEON,EML,04056-metadata.xml,Author
GLEON,EML,04056-metadata.xml,Author / Originator
GLEON,EML,04056-metadata.xml,Abstract
GLEON,EML,04056-metadata.xml,Keyword
GLEON,EML,04056-metadata.xml,Rights
GLEON,EML,04056-metadata.xml,Resource Use Constraints
GLEON,EML,04056-metadata.xml,Spatial Extent
GLEON,EML,04056-metadata.xml,Temporal Extent
GLEON,EML,04056-metadata.xml,Resource Contact
GLEON,EML,04056-metadata.xml,Process Step
GLEON,EML,04056-metadata.xml,Resource Lineage
GLEON,EML,04056-metadata.xml,Related Resource Citation
GLEON,EML,04056-metadata.xml,Project Description
GLEON,EML,04056-metadata.xml,Entity and Attribute Information
GLEON,EML,04056-metadata.xml,Entity Type Definition
GLEON,EML,04056-metadata.xml,Resource Format
GLEON,EML,04056-metadata.xml,Distribution Format
GLEON,EML,04056-metadata.xml,Attribute List
GLEON,EML,04057-metadata.xml,Unknown
GLEON,EML,04057-metadata.xml,Security Constraints
GLEON,EML,04057-metadata.xml,Resource Access Constraints
GLEON,EML,04057-metadata.xml,Metadata Access Constraints
GLEON,EML,04057-metadata.xml,Metadata Use Constraints
GLEON,EML,04057-metadata.xml,Resource Status
GLEON,EML,04057-metadata.xml,Resource Title
GLEON,EML,04057-metadata.xml,Resource Long Name
GLEON,EML,04057-metadata.xml,Author
GLEON,EML,04057-metadata.xml,Author / Originator
GLEON,EML,04057-metadata.xml,Resource Contact
GLEON,EML,04057-metadata.xml,Resource Format
GLEON,EML,04057-metadata.xml,Distribution Format
GLEON,EML,04057-metadata.xml,Attribute List
GLEON,EML,04058-metadata.xml,Unknown
GLEON,EML,04058-metadata.xml,Security Constraints
GLEON,EML,04058-metadata.xml,Resource Access Constraints
GLEON,EML,04058-metadata.xml,Metadata Access Constraints
GLEON,EML,04058-metadata.xml,Metadata Use Constraints
GLEON,EML,04058-metadata.xml,Resource Status
GLEON,EML,04058-metadata.xml,Resource Title
GLEON,EML,04058-metadata.xml,Resource Long Name
GLEON,EML,04058-metadata.xml,Author
GLEON,EML,04058-metadata.xml,Author / Originator
GLEON,EML,04058-metadata.xml,Metadata Contact
GLEON,EML,04058-metadata.xml,Resource Language
GLEON,EML,04058-metadata.xml,Abstract
GLEON,EML,04058-metadata.xml,Keyword
GLEON,EML,04058-metadata.xml,Keyword Vocabulary
GLEON,EML,04058-metadata.xml,Rights
GLEON,EML,04058-metadata.xml,Resource Use Constraints
GLEON,EML,04058-metadata.xml,Resource Distribution
GLEON,EML,04058-metadata.xml,Spatial Extent
GLEON,EML,04058-metadata.xml,Temporal Extent
GLEON,EML,04058-metadata.xml,Maintenance
GLEON,EML,04058-metadata.xml,Resource Contact
GLEON,EML,04058-metadata.xml,Publisher
GLEON,EML,04058-metadata.xml,Process Step
GLEON,EML,04058-metadata.xml,Resource Lineage
GLEON,EML,04058-metadata.xml,Related Resource Citation
GLEON,EML,04058-metadata.xml,Project Description
GLEON,EML,04058-metadata.xml,Entity and Attribute Information
GLEON,EML,04058-metadata.xml,Entity Type Definition
GLEON,EML,04058-metadata.xml,Resource Format
GLEON,EML,04058-metadata.xml,Distribution Format
GLEON,EML,04058-metadata.xml,Attribute List
GLEON,EML,04059-metadata.xml,Unknown
GLEON,EML,04059-metadata.xml,Security Constraints
GLEON,EML,04059-metadata.xml,Resource Access Constraints
GLEON,EML,04059-metadata.xml,Metadata Access Constraints
GLEON,EML,04059-metadata.xml,Metadata Use Constraints
GLEON,EML,04059-metadata.xml,Resource Status
GLEON,EML,04059-metadata.xml,Resource Title
GLEON,EML,04059-metadata.xml,Resource Long Name
GLEON,EML,04059-metadata.xml,Author
GLEON,EML,04059-metadata.xml,Author / Originator
GLEON,EML,04059-metadata.xml,Resource Creation/Revision Date
GLEON,EML,04059-metadata.xml,Publication Date
GLEON,EML,04059-metadata.xml,Abstract
GLEON,EML,04059-metadata.xml,Keyword
GLEON,EML,04059-metadata.xml,Rights
GLEON,EML,04059-metadata.xml,Resource Use Constraints
GLEON,EML,04059-metadata.xml,Spatial Extent
GLEON,EML,04059-metadata.xml,Temporal Extent
GLEON,EML,04059-metadata.xml,Resource Contact
GLEON,EML,04059-metadata.xml,Process Step
GLEON,EML,04059-metadata.xml,Resource Lineage
GLEON,EML,04059-metadata.xml,Entity and Attribute Information
GLEON,EML,04059-metadata.xml,Entity Type Definition
GLEON,EML,04059-metadata.xml,Resource Format
GLEON,EML,04059-metadata.xml,Distribution Format
GLEON,EML,04059-metadata.xml,Attribute List
GLEON,EML,04060-metadata.xml,Unknown
GLEON,EML,04060-metadata.xml,Security Constraints
GLEON,EML,04060-metadata.xml,Resource Access Constraints
GLEON,EML,04060-metadata.xml,Metadata Access Constraints
GLEON,EML,04060-metadata.xml,Metadata Use Constraints
GLEON,EML,04060-metadata.xml,Resource Status
GLEON,EML,04060-metadata.xml,Resource Title
GLEON,EML,04060-metadata.xml,Resource Long Name
GLEON,EML,04060-metadata.xml,Author
GLEON,EML,04060-metadata.xml,Author / Originator
GLEON,EML,04060-metadata.xml,Metadata Contact
GLEON,EML,04060-metadata.xml,Contributor Name
GLEON,EML,04060-metadata.xml,Resource Creation/Revision Date
GLEON,EML,04060-metadata.xml,Publication Date
GLEON,EML,04060-metadata.xml,Abstract
GLEON,EML,04060-metadata.xml,Keyword
GLEON,EML,04060-metadata.xml,Keyword Vocabulary
GLEON,EML,04060-metadata.xml,Rights
GLEON,EML,04060-metadata.xml,Resource Use Constraints
GLEON,EML,04060-metadata.xml,Resource Distribution
GLEON,EML,04060-metadata.xml,Temporal Extent
GLEON,EML,04060-metadata.xml,Spatial Extent
GLEON,EML,04060-metadata.xml,Resource Contact
GLEON,EML,04060-metadata.xml,Process Step
GLEON,EML,04060-metadata.xml,Resource Lineage
GLEON,EML,04060-metadata.xml,Entity and Attribute Information
GLEON,EML,04060-metadata.xml,Entity Type Definition
GLEON,EML,04060-metadata.xml,Resource Format
GLEON,EML,04060-metadata.xml,Distribution Format
GLEON,EML,04060-metadata.xml,Attribute List
GLEON,EML,04061-metadata.xml,Unknown
GLEON,EML,04061-metadata.xml,Security Constraints
GLEON,EML,04061-metadata.xml,Resource Access Constraints
GLEON,EML,04061-metadata.xml,Metadata Access Constraints
GLEON,EML,04061-metadata.xml,Metadata Use Constraints
GLEON,EML,04061-metadata.xml,Resource Status
GLEON,EML,04061-metadata.xml,Resource Title
GLEON,EML,04061-metadata.xml,Resource Long Name
GLEON,EML,04061-metadata.xml,Author
GLEON,EML,04061-metadata.xml,Author / Originator
GLEON,EML,04061-metadata.xml,Metadata Contact
GLEON,EML,04061-metadata.xml,Contributor Name
GLEON,EML,04061-metadata.xml,Resource Creation/Revision Date
GLEON,EML,04061-metadata.xml,Publication Date
GLEON,EML,04061-metadata.xml,Abstract
GLEON,EML,04061-metadata.xml,Rights
GLEON,EML,04061-metadata.xml,Resource Use Constraints
GLEON,EML,04061-metadata.xml,Resource Distribution
GLEON,EML,04061-metadata.xml,Temporal Extent
GLEON,EML,04061-metadata.xml,Spatial Extent
GLEON,EML,04061-metadata.xml,Resource Contact
GLEON,EML,04061-metadata.xml,Entity and Attribute Information
GLEON,EML,04061-metadata.xml,Entity Type Definition
GLEON,EML,04061-metadata.xml,Resource Format
GLEON,EML,04061-metadata.xml,Distribution Format
GLEON,EML,04061-metadata.xml,Attribute List
GLEON,EML,04062-metadata.xml,Unknown
GLEON,EML,04062-metadata.xml,Resource Title
GLEON,EML,04062-metadata.xml,Resource Long Name
GLEON,EML,04062-metadata.xml,Author
GLEON,EML,04062-metadata.xml,Author / Originator
GLEON,EML,04062-metadata.xml,Contributor Name
GLEON,EML,04062-metadata.xml,Resource Language
GLEON,EML,04062-metadata.xml,Abstract
GLEON,EML,04062-metadata.xml,Keyword
GLEON,EML,04062-metadata.xml,Keyword Vocabulary
GLEON,EML,04062-metadata.xml,Rights
GLEON,EML,04062-metadata.xml,Resource Use Constraints
GLEON,EML,04062-metadata.xml,Resource Distribution
GLEON,EML,04062-metadata.xml,Spatial Extent
GLEON,EML,04062-metadata.xml,Temporal Extent
GLEON,EML,04062-metadata.xml,Purpose
GLEON,EML,04062-metadata.xml,Resource Contact
GLEON,EML,04062-metadata.xml,Process Step
GLEON,EML,04062-metadata.xml,Resource Lineage
GLEON,EML,04062-metadata.xml,Related Resource Citation
GLEON,EML,04062-metadata.xml,Project Description
GLEON,EML,04062-metadata.xml,Resource Format
GLEON,EML,04062-metadata.xml,Distribution Format
GLEON,EML,04062-metadata.xml,Attribute List
