Record,Concept,XPath,Content
01759-metadata.xml,Start Time,/metadata/idinfo/timeperd/timeinfo/rngdates/begdate,"19990810"
01759-metadata.xml,End Time,/metadata/idinfo/timeperd/timeinfo/rngdates/enddate,"20020223"
01759-metadata.xml,Temporal Resolution,/metadata/mercury/Temporal_Resolution,""
01760-metadata.xml,Start Time,/metadata/idinfo/timeperd/timeinfo/rngdates/begdate,"19650101"
01760-metadata.xml,End Time,/metadata/idinfo/timeperd/timeinfo/rngdates/enddate,"19961231"
01760-metadata.xml,Temporal Resolution,/metadata/mercury/Temporal_Resolution,""
01761-metadata.xml,Start Time,/metadata/idinfo/timeperd/timeinfo/rngdates/begdate,"20030101"
01761-metadata.xml,End Time,/metadata/idinfo/timeperd/timeinfo/rngdates/enddate,"20111231"
01761-metadata.xml,Temporal Resolution,/metadata/mercury/Temporal_Resolution,""
01762-metadata.xml,Start Time,/metadata/idinfo/timeperd/timeinfo/rngdates/begdate,"19940524"
01762-metadata.xml,End Time,/metadata/idinfo/timeperd/timeinfo/rngdates/enddate,"19940919"
01762-metadata.xml,Temporal Resolution,/metadata/mercury/Temporal_Resolution,""
01763-metadata.xml,Start Time,/metadata/idinfo/timeperd/timeinfo/rngdates/begdate,"19950411"
01763-metadata.xml,End Time,/metadata/idinfo/timeperd/timeinfo/rngdates/enddate,"19951101"
01763-metadata.xml,Temporal Resolution,/metadata/mercury/Temporal_Resolution,""
01764-metadata.xml,Start Time,/metadata/idinfo/timeperd/timeinfo/rngdates/begdate,"19940101"
01764-metadata.xml,End Time,/metadata/idinfo/timeperd/timeinfo/rngdates/enddate,"19970101"
01764-metadata.xml,Temporal Resolution,/metadata/mercury/Temporal_Resolution,""
01765-metadata.xml,Start Time,/metadata/idinfo/timeperd/timeinfo/rngdates/begdate,"19970801"
01765-metadata.xml,End Time,/metadata/idinfo/timeperd/timeinfo/rngdates/enddate,"19970831"
01765-metadata.xml,Temporal Resolution,/metadata/mercury/Temporal_Resolution,""
01766-metadata.xml,Start Time,/metadata/idinfo/timeperd/timeinfo/rngdates/begdate,"20040212"
01766-metadata.xml,End Time,/metadata/idinfo/timeperd/timeinfo/rngdates/enddate,"20050512"
01766-metadata.xml,Temporal Resolution,/metadata/mercury/Temporal_Resolution,""
01767-metadata.xml,Start Time,/metadata/idinfo/timeperd/timeinfo/rngdates/begdate,"19900817"
01767-metadata.xml,End Time,/metadata/idinfo/timeperd/timeinfo/rngdates/enddate,"19901204"
01767-metadata.xml,Temporal Resolution,/metadata/mercury/Temporal_Resolution,""
01768-metadata.xml,Start Time,/metadata/idinfo/timeperd/timeinfo/rngdates/begdate,"19990713"
01768-metadata.xml,End Time,/metadata/idinfo/timeperd/timeinfo/rngdates/enddate,"20031101"
01768-metadata.xml,Temporal Resolution,/metadata/mercury/Temporal_Resolution,""
01769-metadata.xml,Start Time,/metadata/idinfo/timeperd/timeinfo/rngdates/begdate,"19860101"
01769-metadata.xml,End Time,/metadata/idinfo/timeperd/timeinfo/rngdates/enddate,"19951231"
01769-metadata.xml,Temporal Resolution,/metadata/mercury/Temporal_Resolution,""
01770-metadata.xml,Start Time,/metadata/idinfo/timeperd/timeinfo/rngdates/begdate,"19940726"
01770-metadata.xml,End Time,/metadata/idinfo/timeperd/timeinfo/rngdates/enddate,"19960726"
01770-metadata.xml,Temporal Resolution,/metadata/mercury/Temporal_Resolution,""
01771-metadata.xml,Start Time,/metadata/idinfo/timeperd/timeinfo/rngdates/begdate,"19940721"
01771-metadata.xml,End Time,/metadata/idinfo/timeperd/timeinfo/rngdates/enddate,"19940808"
01771-metadata.xml,Temporal Resolution,/metadata/mercury/Temporal_Resolution,""
01772-metadata.xml,Start Time,/metadata/idinfo/timeperd/timeinfo/rngdates/begdate,"19730101"
01772-metadata.xml,End Time,/metadata/idinfo/timeperd/timeinfo/rngdates/enddate,"19731231"
01772-metadata.xml,Temporal Resolution,/metadata/mercury/Temporal_Resolution,""
01773-metadata.xml,Start Time,/metadata/idinfo/timeperd/timeinfo/rngdates/begdate,"19940101"
01773-metadata.xml,End Time,/metadata/idinfo/timeperd/timeinfo/rngdates/enddate,"19961230"
01773-metadata.xml,Temporal Resolution,/metadata/mercury/Temporal_Resolution,""
01774-metadata.xml,Start Time,/metadata/idinfo/timeperd/timeinfo/rngdates/begdate,"19940601"
01774-metadata.xml,End Time,/metadata/idinfo/timeperd/timeinfo/rngdates/enddate,"19940831"
01774-metadata.xml,Temporal Resolution,/metadata/mercury/Temporal_Resolution,""
01775-metadata.xml,Start Time,/metadata/idinfo/timeperd/timeinfo/rngdates/begdate,"19930101"
01775-metadata.xml,End Time,/metadata/idinfo/timeperd/timeinfo/rngdates/enddate,"19930101"
01775-metadata.xml,Temporal Resolution,/metadata/mercury/Temporal_Resolution,""
01776-metadata.xml,Start Time,/metadata/idinfo/timeperd/timeinfo/rngdates/begdate,"20020301"
01776-metadata.xml,End Time,/metadata/idinfo/timeperd/timeinfo/rngdates/enddate,"20031217"
01776-metadata.xml,Temporal Resolution,/metadata/mercury/Temporal_Resolution,""
01777-metadata.xml,Start Time,/metadata/idinfo/timeperd/timeinfo/rngdates/begdate,"19390101"
01777-metadata.xml,End Time,/metadata/idinfo/timeperd/timeinfo/rngdates/enddate,"19961231"
01777-metadata.xml,Temporal Resolution,/metadata/mercury/Temporal_Resolution,""
01778-metadata.xml,Start Time,/metadata/idinfo/timeperd/timeinfo/rngdates/begdate,"19870527"
01778-metadata.xml,End Time,/metadata/idinfo/timeperd/timeinfo/rngdates/enddate,"19871016"
01778-metadata.xml,Temporal Resolution,/metadata/mercury/Temporal_Resolution,""
01779-metadata.xml,Start Time,/metadata/idinfo/timeperd/timeinfo/rngdates/begdate,"19790401"
01779-metadata.xml,End Time,/metadata/idinfo/timeperd/timeinfo/rngdates/enddate,"19880902"
01779-metadata.xml,Temporal Resolution,/metadata/mercury/Temporal_Resolution,""
01780-metadata.xml,Start Time,/metadata/idinfo/timeperd/timeinfo/rngdates/begdate,"20000305"
01780-metadata.xml,End Time,/metadata/idinfo/timeperd/timeinfo/rngdates/enddate,"20000318"
01780-metadata.xml,Temporal Resolution,/metadata/mercury/Temporal_Resolution,""
01781-metadata.xml,Start Time,/metadata/idinfo/timeperd/timeinfo/rngdates/begdate,"19930804"
01781-metadata.xml,End Time,/metadata/idinfo/timeperd/timeinfo/rngdates/enddate,"19940915"
01781-metadata.xml,Temporal Resolution,/metadata/mercury/Temporal_Resolution,""
01782-metadata.xml,Start Time,/metadata/idinfo/timeperd/timeinfo/rngdates/begdate,"20010801"
01782-metadata.xml,End Time,/metadata/idinfo/timeperd/timeinfo/rngdates/enddate,"20010816"
01782-metadata.xml,Temporal Resolution,/metadata/mercury/Temporal_Resolution,""
01783-metadata.xml,Start Time,/metadata/idinfo/timeperd/timeinfo/rngdates/begdate,"19990101"
01783-metadata.xml,End Time,/metadata/idinfo/timeperd/timeinfo/rngdates/enddate,"20010303"
01783-metadata.xml,Temporal Resolution,/metadata/mercury/Temporal_Resolution,""
01784-metadata.xml,Start Time,/metadata/idinfo/timeperd/timeinfo/rngdates/begdate,"19940206"
01784-metadata.xml,End Time,/metadata/idinfo/timeperd/timeinfo/rngdates/enddate,"19940916"
01784-metadata.xml,Temporal Resolution,/metadata/mercury/Temporal_Resolution,""
01785-metadata.xml,Start Time,/metadata/idinfo/timeperd/timeinfo/rngdates/begdate,"19940101"
01785-metadata.xml,End Time,/metadata/idinfo/timeperd/timeinfo/rngdates/enddate,"21001231"
01785-metadata.xml,Temporal Resolution,/metadata/mercury/Temporal_Resolution,""
01786-metadata.xml,Start Time,/metadata/idinfo/timeperd/timeinfo/rngdates/begdate,"19890101"
01786-metadata.xml,End Time,/metadata/idinfo/timeperd/timeinfo/rngdates/enddate,"19891231"
01786-metadata.xml,Temporal Resolution,/metadata/mercury/Temporal_Resolution,""
01787-metadata.xml,Start Time,/metadata/idinfo/timeperd/timeinfo/rngdates/begdate,"19480115"
01787-metadata.xml,End Time,/metadata/idinfo/timeperd/timeinfo/rngdates/enddate,"19820501"
01787-metadata.xml,Temporal Resolution,/metadata/mercury/Temporal_Resolution,""
01788-metadata.xml,Start Time,/metadata/idinfo/timeperd/timeinfo/rngdates/begdate,"19940101"
01788-metadata.xml,End Time,/metadata/idinfo/timeperd/timeinfo/rngdates/enddate,"19941027"
01788-metadata.xml,Temporal Resolution,/metadata/mercury/Temporal_Resolution,""
01789-metadata.xml,Start Time,/metadata/idinfo/timeperd/timeinfo/rngdates/begdate,"19940416"
01789-metadata.xml,End Time,/metadata/idinfo/timeperd/timeinfo/rngdates/enddate,"19940917"
01789-metadata.xml,Temporal Resolution,/metadata/mercury/Temporal_Resolution,""
01790-metadata.xml,Start Time,/metadata/idinfo/timeperd/timeinfo/rngdates/begdate,"19780101"
01790-metadata.xml,End Time,/metadata/idinfo/timeperd/timeinfo/rngdates/enddate,"19921231"
01790-metadata.xml,Temporal Resolution,/metadata/mercury/Temporal_Resolution,""
01791-metadata.xml,Start Time,/metadata/idinfo/timeperd/timeinfo/rngdates/begdate,"19670101"
01791-metadata.xml,End Time,/metadata/idinfo/timeperd/timeinfo/rngdates/enddate,"20000101"
01791-metadata.xml,Temporal Resolution,/metadata/mercury/Temporal_Resolution,""
01792-metadata.xml,Start Time,/metadata/idinfo/timeperd/timeinfo/rngdates/begdate,"20001124"
01792-metadata.xml,End Time,/metadata/idinfo/timeperd/timeinfo/rngdates/enddate,"20010116"
01792-metadata.xml,Temporal Resolution,/metadata/mercury/Temporal_Resolution,""
01793-metadata.xml,Start Time,/metadata/idinfo/timeperd/timeinfo/rngdates/begdate,"19931025"
01793-metadata.xml,End Time,/metadata/idinfo/timeperd/timeinfo/rngdates/enddate,"19950426"
01793-metadata.xml,Temporal Resolution,/metadata/mercury/Temporal_Resolution,""
01794-metadata.xml,Start Time,/metadata/idinfo/timeperd/timeinfo/rngdates/begdate,"19870525"
01794-metadata.xml,End Time,/metadata/idinfo/timeperd/timeinfo/rngdates/enddate,"19871017"
01794-metadata.xml,Temporal Resolution,/metadata/mercury/Temporal_Resolution,""
01795-metadata.xml,Start Time,/metadata/idinfo/timeperd/timeinfo/rngdates/begdate,"19940524"
01795-metadata.xml,End Time,/metadata/idinfo/timeperd/timeinfo/rngdates/enddate,"19940919"
01795-metadata.xml,Temporal Resolution,/metadata/mercury/Temporal_Resolution,""
01796-metadata.xml,Start Time,/metadata/idinfo/timeperd/timeinfo/rngdates/begdate,"19890804"
01796-metadata.xml,End Time,/metadata/idinfo/timeperd/timeinfo/rngdates/enddate,"19890806"
01796-metadata.xml,Temporal Resolution,/metadata/mercury/Temporal_Resolution,""
01797-metadata.xml,Start Time,/metadata/idinfo/timeperd/timeinfo/rngdates/begdate,"19950101"
01797-metadata.xml,End Time,/metadata/idinfo/timeperd/timeinfo/rngdates/enddate,"19950101"
01797-metadata.xml,Temporal Resolution,/metadata/mercury/Temporal_Resolution,""
01798-metadata.xml,Start Time,/metadata/idinfo/timeperd/timeinfo/rngdates/begdate,"19490101"
01798-metadata.xml,End Time,/metadata/idinfo/timeperd/timeinfo/rngdates/enddate,"19901231"
01798-metadata.xml,Temporal Resolution,/metadata/mercury/Temporal_Resolution,""
01799-metadata.xml,Start Time,/metadata/idinfo/timeperd/timeinfo/rngdates/begdate,"20001101"
01799-metadata.xml,End Time,/metadata/idinfo/timeperd/timeinfo/rngdates/enddate,"20020331"
01799-metadata.xml,Temporal Resolution,/metadata/mercury/Temporal_Resolution,""
01800-metadata.xml,Start Time,/metadata/idinfo/timeperd/timeinfo/rngdates/begdate,"19830106"
01800-metadata.xml,End Time,/metadata/idinfo/timeperd/timeinfo/rngdates/enddate,"19840930"
01800-metadata.xml,Temporal Resolution,/metadata/mercury/Temporal_Resolution,""
01801-metadata.xml,Start Time,/metadata/idinfo/timeperd/timeinfo/rngdates/begdate,"20001031"
01801-metadata.xml,End Time,/metadata/idinfo/timeperd/timeinfo/rngdates/enddate,"20011209"
01801-metadata.xml,Temporal Resolution,/metadata/mercury/Temporal_Resolution,""
01802-metadata.xml,Start Time,/metadata/idinfo/timeperd/timeinfo/rngdates/begdate,"19840507"
01802-metadata.xml,End Time,/metadata/idinfo/timeperd/timeinfo/rngdates/enddate,"19890818"
01802-metadata.xml,Temporal Resolution,/metadata/mercury/Temporal_Resolution,""
01803-metadata.xml,Start Time,/metadata/idinfo/timeperd/timeinfo/rngdates/begdate,"19940525"
01803-metadata.xml,End Time,/metadata/idinfo/timeperd/timeinfo/rngdates/enddate,"19940919"
01803-metadata.xml,Temporal Resolution,/metadata/mercury/Temporal_Resolution,""
01804-metadata.xml,Start Time,/metadata/idinfo/timeperd/timeinfo/rngdates/begdate,"19940419"
01804-metadata.xml,End Time,/metadata/idinfo/timeperd/timeinfo/rngdates/enddate,"19940428"
01804-metadata.xml,Temporal Resolution,/metadata/mercury/Temporal_Resolution,""
01805-metadata.xml,Start Time,/metadata/idinfo/timeperd/timeinfo/rngdates/begdate,"19940527"
01805-metadata.xml,End Time,/metadata/idinfo/timeperd/timeinfo/rngdates/enddate,"19951003"
01805-metadata.xml,Temporal Resolution,/metadata/mercury/Temporal_Resolution,""
01806-metadata.xml,Start Time,/metadata/idinfo/timeperd/timeinfo/rngdates/begdate,"19610101"
01806-metadata.xml,End Time,/metadata/idinfo/timeperd/timeinfo/rngdates/enddate,"20111231"
01806-metadata.xml,Temporal Resolution,/metadata/mercury/Temporal_Resolution,""
01807-metadata.xml,Start Time,/metadata/idinfo/timeperd/timeinfo/rngdates/begdate,"19920618"
01807-metadata.xml,End Time,/metadata/idinfo/timeperd/timeinfo/rngdates/enddate,"19920901"
01807-metadata.xml,Temporal Resolution,/metadata/mercury/Temporal_Resolution,""
01808-metadata.xml,Start Time,/metadata/idinfo/timeperd/timeinfo/rngdates/begdate,"19940207"
01808-metadata.xml,End Time,/metadata/idinfo/timeperd/timeinfo/rngdates/enddate,"19940915"
01808-metadata.xml,Temporal Resolution,/metadata/mercury/Temporal_Resolution,""
01809-metadata.xml,Start Time,/metadata/idinfo/timeperd/timeinfo/rngdates/begdate,"19940524"
01809-metadata.xml,End Time,/metadata/idinfo/timeperd/timeinfo/rngdates/enddate,"19940919"
01809-metadata.xml,Temporal Resolution,/metadata/mercury/Temporal_Resolution,""
01810-metadata.xml,Start Time,/metadata/idinfo/timeperd/timeinfo/rngdates/begdate,"19940525"
01810-metadata.xml,End Time,/metadata/idinfo/timeperd/timeinfo/rngdates/enddate,"19940908"
01810-metadata.xml,Temporal Resolution,/metadata/mercury/Temporal_Resolution,""
01811-metadata.xml,Start Time,/metadata/idinfo/timeperd/timeinfo/rngdates/begdate,"20020401"
01811-metadata.xml,End Time,/metadata/idinfo/timeperd/timeinfo/rngdates/enddate,"20031231"
01811-metadata.xml,Temporal Resolution,/metadata/mercury/Temporal_Resolution,""
01812-metadata.xml,Start Time,/metadata/idinfo/timeperd/timeinfo/rngdates/begdate,"20000627"
01812-metadata.xml,End Time,/metadata/idinfo/timeperd/timeinfo/rngdates/enddate,"20001004"
01812-metadata.xml,Temporal Resolution,/metadata/mercury/Temporal_Resolution,""
01813-metadata.xml,Start Time,/metadata/idinfo/timeperd/timeinfo/rngdates/begdate,"19990701"
01813-metadata.xml,End Time,/metadata/idinfo/timeperd/timeinfo/rngdates/enddate,"20050331"
01813-metadata.xml,Temporal Resolution,/metadata/mercury/Temporal_Resolution,""
01814-metadata.xml,Start Time,/metadata/idinfo/timeperd/timeinfo/rngdates/begdate,"19931115"
01814-metadata.xml,End Time,/metadata/idinfo/timeperd/timeinfo/rngdates/enddate,"19960517"
01814-metadata.xml,Temporal Resolution,/metadata/mercury/Temporal_Resolution,""
01815-metadata.xml,Start Time,/metadata/idinfo/timeperd/timeinfo/rngdates/begdate,"19940201"
01815-metadata.xml,End Time,/metadata/idinfo/timeperd/timeinfo/rngdates/enddate,"19940918"
01815-metadata.xml,Temporal Resolution,/metadata/mercury/Temporal_Resolution,""
01816-metadata.xml,Start Time,/metadata/idinfo/timeperd/timeinfo/rngdates/begdate,"19940411"
01816-metadata.xml,End Time,/metadata/idinfo/timeperd/timeinfo/rngdates/enddate,"19940910"
01816-metadata.xml,Temporal Resolution,/metadata/mercury/Temporal_Resolution,""
01817-metadata.xml,Start Time,/metadata/idinfo/timeperd/timeinfo/rngdates/begdate,"19700101"
01817-metadata.xml,End Time,/metadata/idinfo/timeperd/timeinfo/rngdates/enddate,"19900101"
01817-metadata.xml,Temporal Resolution,/metadata/mercury/Temporal_Resolution,""
01818-metadata.xml,Start Time,/metadata/idinfo/timeperd/timeinfo/rngdates/begdate,"19770101"
01818-metadata.xml,End Time,/metadata/idinfo/timeperd/timeinfo/rngdates/enddate,"19781231"
01818-metadata.xml,Temporal Resolution,/metadata/mercury/Temporal_Resolution,""
01819-metadata.xml,Start Time,/metadata/idinfo/timeperd/timeinfo/rngdates/begdate,"19820101"
01819-metadata.xml,End Time,/metadata/idinfo/timeperd/timeinfo/rngdates/enddate,"19970101"
01819-metadata.xml,Temporal Resolution,/metadata/mercury/Temporal_Resolution,""
01820-metadata.xml,Start Time,/metadata/idinfo/timeperd/timeinfo/rngdates/begdate,"19740101"
01820-metadata.xml,End Time,/metadata/idinfo/timeperd/timeinfo/rngdates/enddate,"19980618"
01820-metadata.xml,Temporal Resolution,/metadata/mercury/Temporal_Resolution,""
01821-metadata.xml,Start Time,/metadata/idinfo/timeperd/timeinfo/rngdates/begdate,"20010415"
01821-metadata.xml,End Time,/metadata/idinfo/timeperd/timeinfo/rngdates/enddate,"20010715"
01821-metadata.xml,Temporal Resolution,/metadata/mercury/Temporal_Resolution,""
01822-metadata.xml,Start Time,/metadata/idinfo/timeperd/timeinfo/rngdates/begdate,"19930801"
01822-metadata.xml,End Time,/metadata/idinfo/timeperd/timeinfo/rngdates/enddate,"19940831"
01822-metadata.xml,Temporal Resolution,/metadata/mercury/Temporal_Resolution,""
01823-metadata.xml,Start Time,/metadata/idinfo/timeperd/timeinfo/rngdates/begdate,"20020401"
01823-metadata.xml,End Time,/metadata/idinfo/timeperd/timeinfo/rngdates/enddate,"20031231"
01823-metadata.xml,Temporal Resolution,/metadata/mercury/Temporal_Resolution,""
01824-metadata.xml,Start Time,/metadata/idinfo/timeperd/timeinfo/rngdates/begdate,"19930804"
01824-metadata.xml,End Time,/metadata/idinfo/timeperd/timeinfo/rngdates/enddate,"19940915"
01824-metadata.xml,Temporal Resolution,/metadata/mercury/Temporal_Resolution,""
01825-metadata.xml,Start Time,/metadata/idinfo/timeperd/timeinfo/rngdates/begdate,"19870306"
01825-metadata.xml,End Time,/metadata/idinfo/timeperd/timeinfo/rngdates/enddate,"19891031"
01825-metadata.xml,Temporal Resolution,/metadata/mercury/Temporal_Resolution,""
01826-metadata.xml,Start Time,/metadata/idinfo/timeperd/timeinfo/rngdates/begdate,"19930101"
01826-metadata.xml,End Time,/metadata/idinfo/timeperd/timeinfo/rngdates/enddate,"19981231"
01826-metadata.xml,Temporal Resolution,/metadata/mercury/Temporal_Resolution,""
01827-metadata.xml,Start Time,/metadata/idinfo/timeperd/timeinfo/rngdates/begdate,"19900101"
01827-metadata.xml,End Time,/metadata/idinfo/timeperd/timeinfo/rngdates/enddate,"20001231"
01827-metadata.xml,Temporal Resolution,/metadata/mercury/Temporal_Resolution,""
01828-metadata.xml,Start Time,/metadata/idinfo/timeperd/timeinfo/rngdates/begdate,"19950301"
01828-metadata.xml,End Time,/metadata/idinfo/timeperd/timeinfo/rngdates/enddate,"20000328"
01828-metadata.xml,Temporal Resolution,/metadata/mercury/Temporal_Resolution,""
01829-metadata.xml,Start Time,/metadata/idinfo/timeperd/timeinfo/rngdates/begdate,"19820101"
01829-metadata.xml,End Time,/metadata/idinfo/timeperd/timeinfo/rngdates/enddate,"20011231"
01829-metadata.xml,Temporal Resolution,/metadata/mercury/Temporal_Resolution,""
01830-metadata.xml,Start Time,/metadata/idinfo/timeperd/timeinfo/rngdates/begdate,"19940601"
01830-metadata.xml,End Time,/metadata/idinfo/timeperd/timeinfo/rngdates/enddate,"19960930"
01830-metadata.xml,Temporal Resolution,/metadata/mercury/Temporal_Resolution,""
01831-metadata.xml,Start Time,/metadata/idinfo/timeperd/timeinfo/rngdates/begdate,"19750522"
01831-metadata.xml,End Time,/metadata/idinfo/timeperd/timeinfo/rngdates/enddate,"19800731"
01831-metadata.xml,Temporal Resolution,/metadata/mercury/Temporal_Resolution,""
01832-metadata.xml,Start Time,/metadata/idinfo/timeperd/timeinfo/rngdates/begdate,"19940416"
01832-metadata.xml,End Time,/metadata/idinfo/timeperd/timeinfo/rngdates/enddate,"19960730"
01832-metadata.xml,Temporal Resolution,/metadata/mercury/Temporal_Resolution,""
01833-metadata.xml,Start Time,/metadata/idinfo/timeperd/timeinfo/rngdates/begdate,"19870528"
01833-metadata.xml,End Time,/metadata/idinfo/timeperd/timeinfo/rngdates/enddate,"19871012"
01833-metadata.xml,Temporal Resolution,/metadata/mercury/Temporal_Resolution,""
01834-metadata.xml,Start Time,/metadata/idinfo/timeperd/timeinfo/rngdates/begdate,"19870811"
01834-metadata.xml,End Time,/metadata/idinfo/timeperd/timeinfo/rngdates/enddate,"19891031"
01834-metadata.xml,Temporal Resolution,/metadata/mercury/Temporal_Resolution,""
01835-metadata.xml,Start Time,/metadata/idinfo/timeperd/timeinfo/rngdates/begdate,"19840101"
01835-metadata.xml,End Time,/metadata/idinfo/timeperd/timeinfo/rngdates/enddate,"19841231"
01835-metadata.xml,Temporal Resolution,/metadata/mercury/Temporal_Resolution,""
01836-metadata.xml,Start Time,/metadata/idinfo/timeperd/timeinfo/rngdates/begdate,"19840715"
01836-metadata.xml,End Time,/metadata/idinfo/timeperd/timeinfo/rngdates/enddate,"19941115"
01836-metadata.xml,Temporal Resolution,/metadata/mercury/Temporal_Resolution,""
01837-metadata.xml,Start Time,/metadata/idinfo/timeperd/timeinfo/rngdates/begdate,"20000820"
01837-metadata.xml,End Time,/metadata/idinfo/timeperd/timeinfo/rngdates/enddate,"20000828"
01837-metadata.xml,Temporal Resolution,/metadata/mercury/Temporal_Resolution,""
01838-metadata.xml,Start Time,/metadata/idinfo/timeperd/timeinfo/rngdates/begdate,"19870626"
01838-metadata.xml,End Time,/metadata/idinfo/timeperd/timeinfo/rngdates/enddate,"19891031"
01838-metadata.xml,Temporal Resolution,/metadata/mercury/Temporal_Resolution,""
01839-metadata.xml,Start Time,/metadata/idinfo/timeperd/timeinfo/rngdates/begdate,"19940531"
01839-metadata.xml,End Time,/metadata/idinfo/timeperd/timeinfo/rngdates/enddate,"19940928"
01839-metadata.xml,Temporal Resolution,/metadata/mercury/Temporal_Resolution,""
01840-metadata.xml,Start Time,/metadata/idinfo/timeperd/timeinfo/rngdates/begdate,"19500101"
01840-metadata.xml,End Time,/metadata/idinfo/timeperd/timeinfo/rngdates/enddate,"19951231"
01840-metadata.xml,Temporal Resolution,/metadata/mercury/Temporal_Resolution,""
01841-metadata.xml,Start Time,/metadata/idinfo/timeperd/timeinfo/rngdates/begdate,"20020101"
01841-metadata.xml,End Time,/metadata/idinfo/timeperd/timeinfo/rngdates/enddate,"20021231"
01841-metadata.xml,Temporal Resolution,/metadata/mercury/Temporal_Resolution,""
01842-metadata.xml,Start Time,/metadata/idinfo/timeperd/timeinfo/rngdates/begdate,"20010801"
01842-metadata.xml,End Time,/metadata/idinfo/timeperd/timeinfo/rngdates/enddate,"20010816"
01842-metadata.xml,Temporal Resolution,/metadata/mercury/Temporal_Resolution,""
01843-metadata.xml,Start Time,/metadata/idinfo/timeperd/timeinfo/rngdates/begdate,"19600101"
01843-metadata.xml,End Time,/metadata/idinfo/timeperd/timeinfo/rngdates/enddate,"19800101"
01843-metadata.xml,Temporal Resolution,/metadata/mercury/Temporal_Resolution,""
01844-metadata.xml,Start Time,/metadata/idinfo/timeperd/timeinfo/rngdates/begdate,"19680101"
01844-metadata.xml,End Time,/metadata/idinfo/timeperd/timeinfo/rngdates/enddate,"20001231"
01844-metadata.xml,Temporal Resolution,/metadata/mercury/Temporal_Resolution,""
01845-metadata.xml,Start Time,/metadata/idinfo/timeperd/timeinfo/rngdates/begdate,"19500101"
01845-metadata.xml,End Time,/metadata/idinfo/timeperd/timeinfo/rngdates/enddate,"19951231"
01845-metadata.xml,Temporal Resolution,/metadata/mercury/Temporal_Resolution,""
01846-metadata.xml,Start Time,/metadata/idinfo/timeperd/timeinfo/rngdates/begdate,"20020101"
01846-metadata.xml,End Time,/metadata/idinfo/timeperd/timeinfo/rngdates/enddate,"20060118"
01846-metadata.xml,Temporal Resolution,/metadata/mercury/Temporal_Resolution,""
01847-metadata.xml,Start Time,/metadata/idinfo/timeperd/timeinfo/rngdates/begdate,"19850101"
01847-metadata.xml,End Time,/metadata/idinfo/timeperd/timeinfo/rngdates/enddate,"19961231"
01847-metadata.xml,Temporal Resolution,/metadata/mercury/Temporal_Resolution,""
01848-metadata.xml,Start Time,/metadata/idinfo/timeperd/timeinfo/rngdates/begdate,"19870701"
01848-metadata.xml,End Time,/metadata/idinfo/timeperd/timeinfo/rngdates/enddate,"19871012"
01848-metadata.xml,Temporal Resolution,/metadata/mercury/Temporal_Resolution,""
01849-metadata.xml,Start Time,/metadata/idinfo/timeperd/timeinfo/rngdates/begdate,"19940525"
01849-metadata.xml,End Time,/metadata/idinfo/timeperd/timeinfo/rngdates/enddate,"19940909"
01849-metadata.xml,Temporal Resolution,/metadata/mercury/Temporal_Resolution,""
01850-metadata.xml,Start Time,/metadata/idinfo/timeperd/timeinfo/rngdates/begdate,"20010808"
01850-metadata.xml,End Time,/metadata/idinfo/timeperd/timeinfo/rngdates/enddate,"20010808"
01850-metadata.xml,Temporal Resolution,/metadata/mercury/Temporal_Resolution,""
01851-metadata.xml,Start Time,/metadata/idinfo/timeperd/timeinfo/rngdates/begdate,"19890101"
01851-metadata.xml,End Time,/metadata/idinfo/timeperd/timeinfo/rngdates/enddate,"20020101"
01851-metadata.xml,Temporal Resolution,/metadata/mercury/Temporal_Resolution,""
01852-metadata.xml,Start Time,/metadata/idinfo/timeperd/timeinfo/rngdates/begdate,"18950101"
01852-metadata.xml,End Time,/metadata/idinfo/timeperd/timeinfo/rngdates/enddate,"19931231"
01852-metadata.xml,Temporal Resolution,/metadata/mercury/Temporal_Resolution,""
01853-metadata.xml,Start Time,/metadata/idinfo/timeperd/timeinfo/rngdates/begdate,"20000705"
01853-metadata.xml,End Time,/metadata/idinfo/timeperd/timeinfo/rngdates/enddate,"20000705"
01853-metadata.xml,Temporal Resolution,/metadata/mercury/Temporal_Resolution,""
01854-metadata.xml,Start Time,/metadata/idinfo/timeperd/timeinfo/rngdates/begdate,"19960101"
01854-metadata.xml,End Time,/metadata/idinfo/timeperd/timeinfo/rngdates/enddate,"19961231"
01854-metadata.xml,Temporal Resolution,/metadata/mercury/Temporal_Resolution,""
01855-metadata.xml,Start Time,/metadata/idinfo/timeperd/timeinfo/rngdates/begdate,"19860101"
01855-metadata.xml,End Time,/metadata/idinfo/timeperd/timeinfo/rngdates/enddate,"19951231"
01855-metadata.xml,Temporal Resolution,/metadata/mercury/Temporal_Resolution,""
01856-metadata.xml,Start Time,/metadata/idinfo/timeperd/timeinfo/rngdates/begdate,"19900515"
01856-metadata.xml,End Time,/metadata/idinfo/timeperd/timeinfo/rngdates/enddate,"19900817"
01856-metadata.xml,Temporal Resolution,/metadata/mercury/Temporal_Resolution,""
01857-metadata.xml,Start Time,/metadata/idinfo/timeperd/timeinfo/rngdates/begdate,"19940101"
01857-metadata.xml,End Time,/metadata/idinfo/timeperd/timeinfo/rngdates/enddate,"19961231"
01857-metadata.xml,Temporal Resolution,/metadata/mercury/Temporal_Resolution,""
01858-metadata.xml,Start Time,/metadata/idinfo/timeperd/timeinfo/rngdates/begdate,"19940101"
01858-metadata.xml,End Time,/metadata/idinfo/timeperd/timeinfo/rngdates/enddate,"19950101"
01858-metadata.xml,Temporal Resolution,/metadata/mercury/Temporal_Resolution,""
01859-metadata.xml,Start Time,/metadata/idinfo/timeperd/timeinfo/rngdates/begdate,"19840101"
01859-metadata.xml,End Time,/metadata/idinfo/timeperd/timeinfo/rngdates/enddate,"19841231"
01859-metadata.xml,Temporal Resolution,/metadata/mercury/Temporal_Resolution,""
01860-metadata.xml,Start Time,/metadata/idinfo/timeperd/timeinfo/rngdates/begdate,"19870528"
01860-metadata.xml,End Time,/metadata/idinfo/timeperd/timeinfo/rngdates/enddate,"19871106"
01860-metadata.xml,Temporal Resolution,/metadata/mercury/Temporal_Resolution,""
01861-metadata.xml,Start Time,/metadata/idinfo/timeperd/timeinfo/rngdates/begdate,"19840622"
01861-metadata.xml,End Time,/metadata/idinfo/timeperd/timeinfo/rngdates/enddate,"19960730"
01861-metadata.xml,Temporal Resolution,/metadata/mercury/Temporal_Resolution,""
01862-metadata.xml,Start Time,/metadata/idinfo/timeperd/timeinfo/rngdates/begdate,"19460101"
01862-metadata.xml,End Time,/metadata/idinfo/timeperd/timeinfo/rngdates/enddate,"19991201"
01862-metadata.xml,Temporal Resolution,/metadata/mercury/Temporal_Resolution,""
01863-metadata.xml,Start Time,/metadata/idinfo/timeperd/timeinfo/rngdates/begdate,"19680101"
01863-metadata.xml,End Time,/metadata/idinfo/timeperd/timeinfo/rngdates/enddate,"19711231"
01863-metadata.xml,Temporal Resolution,/metadata/mercury/Temporal_Resolution,""
01864-metadata.xml,Start Time,/metadata/idinfo/timeperd/timeinfo/rngdates/begdate,"19950411"
01864-metadata.xml,End Time,/metadata/idinfo/timeperd/timeinfo/rngdates/enddate,"19951101"
01864-metadata.xml,Temporal Resolution,/metadata/mercury/Temporal_Resolution,""
01865-metadata.xml,Start Time,/metadata/idinfo/timeperd/timeinfo/rngdates/begdate,"19910101"
01865-metadata.xml,End Time,/metadata/idinfo/timeperd/timeinfo/rngdates/enddate,"19991231"
01865-metadata.xml,Temporal Resolution,/metadata/mercury/Temporal_Resolution,""
01866-metadata.xml,Start Time,/metadata/idinfo/timeperd/timeinfo/rngdates/begdate,"19990101"
01866-metadata.xml,End Time,/metadata/idinfo/timeperd/timeinfo/rngdates/enddate,"20011231"
01866-metadata.xml,Temporal Resolution,/metadata/mercury/Temporal_Resolution,""
01867-metadata.xml,Start Time,/metadata/idinfo/timeperd/timeinfo/rngdates/begdate,"19650115"
01867-metadata.xml,End Time,/metadata/idinfo/timeperd/timeinfo/rngdates/enddate,"19870315"
01867-metadata.xml,Temporal Resolution,/metadata/mercury/Temporal_Resolution,""
01868-metadata.xml,Start Time,/metadata/idinfo/timeperd/timeinfo/rngdates/begdate,"20000302"
01868-metadata.xml,End Time,/metadata/idinfo/timeperd/timeinfo/rngdates/enddate,"20021231"
01868-metadata.xml,Temporal Resolution,/metadata/mercury/Temporal_Resolution,""
01869-metadata.xml,Start Time,/metadata/idinfo/timeperd/timeinfo/rngdates/begdate,"19940207"
01869-metadata.xml,End Time,/metadata/idinfo/timeperd/timeinfo/rngdates/enddate,"19940426"
01869-metadata.xml,Temporal Resolution,/metadata/mercury/Temporal_Resolution,""
01870-metadata.xml,Start Time,/metadata/idinfo/timeperd/timeinfo/rngdates/begdate,"19930101"
01870-metadata.xml,End Time,/metadata/idinfo/timeperd/timeinfo/rngdates/enddate,"19981231"
01870-metadata.xml,Temporal Resolution,/metadata/mercury/Temporal_Resolution,""
01871-metadata.xml,Start Time,/metadata/idinfo/timeperd/timeinfo/rngdates/begdate,"19940214"
01871-metadata.xml,End Time,/metadata/idinfo/timeperd/timeinfo/rngdates/enddate,"19941214"
01871-metadata.xml,Temporal Resolution,/metadata/mercury/Temporal_Resolution,""
01872-metadata.xml,Start Time,/metadata/idinfo/timeperd/timeinfo/rngdates/begdate,"20040908"
01872-metadata.xml,End Time,/metadata/idinfo/timeperd/timeinfo/rngdates/enddate,"20061222"
01872-metadata.xml,Temporal Resolution,/metadata/mercury/Temporal_Resolution,""
01873-metadata.xml,Start Time,/metadata/idinfo/timeperd/timeinfo/rngdates/begdate,"19920401"
01873-metadata.xml,End Time,/metadata/idinfo/timeperd/timeinfo/rngdates/enddate,"19930401"
01873-metadata.xml,Temporal Resolution,/metadata/mercury/Temporal_Resolution,""
01874-metadata.xml,Start Time,/metadata/idinfo/timeperd/timeinfo/rngdates/begdate,"19920401"
01874-metadata.xml,End Time,/metadata/idinfo/timeperd/timeinfo/rngdates/enddate,"19930331"
01874-metadata.xml,Temporal Resolution,/metadata/mercury/Temporal_Resolution,""
01875-metadata.xml,Start Time,/metadata/idinfo/timeperd/timeinfo/rngdates/begdate,"19700401"
01875-metadata.xml,End Time,/metadata/idinfo/timeperd/timeinfo/rngdates/enddate,"19701130"
01875-metadata.xml,Temporal Resolution,/metadata/mercury/Temporal_Resolution,""
01876-metadata.xml,Start Time,/metadata/idinfo/timeperd/timeinfo/rngdates/begdate,"20000228"
01876-metadata.xml,End Time,/metadata/idinfo/timeperd/timeinfo/rngdates/enddate,"20000318"
01876-metadata.xml,Temporal Resolution,/metadata/mercury/Temporal_Resolution,""
01877-metadata.xml,Start Time,/metadata/idinfo/timeperd/timeinfo/rngdates/begdate,"20040803"
01877-metadata.xml,End Time,/metadata/idinfo/timeperd/timeinfo/rngdates/enddate,"20050818"
01877-metadata.xml,Temporal Resolution,/metadata/mercury/Temporal_Resolution,""
01878-metadata.xml,Start Time,/metadata/idinfo/timeperd/timeinfo/rngdates/begdate,"19970522"
01878-metadata.xml,End Time,/metadata/idinfo/timeperd/timeinfo/rngdates/enddate,"19970527"
01878-metadata.xml,Temporal Resolution,/metadata/mercury/Temporal_Resolution,""
01879-metadata.xml,Start Time,/metadata/idinfo/timeperd/timeinfo/rngdates/begdate,"19940205"
01879-metadata.xml,End Time,/metadata/idinfo/timeperd/timeinfo/rngdates/enddate,"19940920"
01879-metadata.xml,Temporal Resolution,/metadata/mercury/Temporal_Resolution,""
01880-metadata.xml,Start Time,/metadata/idinfo/timeperd/timeinfo/rngdates/begdate,"19610101"
01880-metadata.xml,End Time,/metadata/idinfo/timeperd/timeinfo/rngdates/enddate,"19901231"
01880-metadata.xml,Temporal Resolution,/metadata/mercury/Temporal_Resolution,""
01881-metadata.xml,Start Time,/metadata/idinfo/timeperd/timeinfo/rngdates/begdate,"19741003"
01881-metadata.xml,End Time,/metadata/idinfo/timeperd/timeinfo/rngdates/enddate,"19891102"
01881-metadata.xml,Temporal Resolution,/metadata/mercury/Temporal_Resolution,""
01882-metadata.xml,Start Time,/metadata/idinfo/timeperd/timeinfo/rngdates/begdate,"19800101"
01882-metadata.xml,End Time,/metadata/idinfo/timeperd/timeinfo/rngdates/enddate,"19891231"
01882-metadata.xml,Temporal Resolution,/metadata/mercury/Temporal_Resolution,""
01883-metadata.xml,Start Time,/metadata/idinfo/timeperd/timeinfo/rngdates/begdate,"19940609"
01883-metadata.xml,End Time,/metadata/idinfo/timeperd/timeinfo/rngdates/enddate,"19940904"
01883-metadata.xml,Temporal Resolution,/metadata/mercury/Temporal_Resolution,""
01884-metadata.xml,Start Time,/metadata/idinfo/timeperd/timeinfo/rngdates/begdate,"20000215"
01884-metadata.xml,End Time,/metadata/idinfo/timeperd/timeinfo/rngdates/enddate,"20000315"
01884-metadata.xml,Temporal Resolution,/metadata/mercury/Temporal_Resolution,""
01885-metadata.xml,Start Time,/metadata/idinfo/timeperd/timeinfo/rngdates/begdate,"20010201"
01885-metadata.xml,End Time,/metadata/idinfo/timeperd/timeinfo/rngdates/enddate,"20010212"
01885-metadata.xml,Temporal Resolution,/metadata/mercury/Temporal_Resolution,""
01886-metadata.xml,Start Time,/metadata/idinfo/timeperd/timeinfo/rngdates/begdate,"20000303"
01886-metadata.xml,End Time,/metadata/idinfo/timeperd/timeinfo/rngdates/enddate,"20000318"
01886-metadata.xml,Temporal Resolution,/metadata/mercury/Temporal_Resolution,""
01887-metadata.xml,Start Time,/metadata/idinfo/timeperd/timeinfo/rngdates/begdate,"19720101"
01887-metadata.xml,End Time,/metadata/idinfo/timeperd/timeinfo/rngdates/enddate,"20101015"
01887-metadata.xml,Temporal Resolution,/metadata/mercury/Temporal_Resolution,""
01888-metadata.xml,Start Time,/metadata/idinfo/timeperd/timeinfo/rngdates/begdate,"19930101"
01888-metadata.xml,End Time,/metadata/idinfo/timeperd/timeinfo/rngdates/enddate,"19941231"
01888-metadata.xml,Temporal Resolution,/metadata/mercury/Temporal_Resolution,""
01889-metadata.xml,Start Time,/metadata/idinfo/timeperd/timeinfo/rngdates/begdate,"19860101"
01889-metadata.xml,End Time,/metadata/idinfo/timeperd/timeinfo/rngdates/enddate,"19951231"
01889-metadata.xml,Temporal Resolution,/metadata/mercury/Temporal_Resolution,""
01890-metadata.xml,Start Time,/metadata/idinfo/timeperd/timeinfo/rngdates/begdate,"19940101"
01890-metadata.xml,End Time,/metadata/idinfo/timeperd/timeinfo/rngdates/enddate,"19950101"
01890-metadata.xml,Temporal Resolution,/metadata/mercury/Temporal_Resolution,""
01891-metadata.xml,Start Time,/metadata/idinfo/timeperd/timeinfo/rngdates/begdate,"19880101"
01891-metadata.xml,End Time,/metadata/idinfo/timeperd/timeinfo/rngdates/enddate,"19921231"
01891-metadata.xml,Temporal Resolution,/metadata/mercury/Temporal_Resolution,""
01892-metadata.xml,Start Time,/metadata/idinfo/timeperd/timeinfo/rngdates/begdate,"19860101"
01892-metadata.xml,End Time,/metadata/idinfo/timeperd/timeinfo/rngdates/enddate,"19951231"
01892-metadata.xml,Temporal Resolution,/metadata/mercury/Temporal_Resolution,""
01893-metadata.xml,Start Time,/metadata/idinfo/timeperd/timeinfo/rngdates/begdate,"20000301"
01893-metadata.xml,End Time,/metadata/idinfo/timeperd/timeinfo/rngdates/enddate,"20071231"
01893-metadata.xml,Temporal Resolution,/metadata/mercury/Temporal_Resolution,""
01894-metadata.xml,Start Time,/metadata/idinfo/timeperd/timeinfo/rngdates/begdate,"19870529"
01894-metadata.xml,End Time,/metadata/idinfo/timeperd/timeinfo/rngdates/enddate,"19871026"
01894-metadata.xml,Temporal Resolution,/metadata/mercury/Temporal_Resolution,""
01895-metadata.xml,Start Time,/metadata/idinfo/timeperd/timeinfo/rngdates/begdate,"19820427"
01895-metadata.xml,End Time,/metadata/idinfo/timeperd/timeinfo/rngdates/enddate,"19891230"
01895-metadata.xml,Temporal Resolution,/metadata/mercury/Temporal_Resolution,""
01896-metadata.xml,Start Time,/metadata/idinfo/timeperd/timeinfo/rngdates/begdate,"19700101"
01896-metadata.xml,End Time,/metadata/idinfo/timeperd/timeinfo/rngdates/enddate,"19891231"
01896-metadata.xml,Temporal Resolution,/metadata/mercury/Temporal_Resolution,""
01897-metadata.xml,Start Time,/metadata/idinfo/timeperd/timeinfo/rngdates/begdate,"20011219"
01897-metadata.xml,End Time,/metadata/idinfo/timeperd/timeinfo/rngdates/enddate,"20020301"
01897-metadata.xml,Temporal Resolution,/metadata/mercury/Temporal_Resolution,""
01898-metadata.xml,Start Time,/metadata/idinfo/timeperd/timeinfo/rngdates/begdate,"19950520"
01898-metadata.xml,End Time,/metadata/idinfo/timeperd/timeinfo/rngdates/enddate,"19950929"
01898-metadata.xml,Temporal Resolution,/metadata/mercury/Temporal_Resolution,""
01899-metadata.xml,Start Time,/metadata/idinfo/timeperd/timeinfo/rngdates/begdate,"19670101"
01899-metadata.xml,End Time,/metadata/idinfo/timeperd/timeinfo/rngdates/enddate,"19711231"
01899-metadata.xml,Temporal Resolution,/metadata/mercury/Temporal_Resolution,""
01900-metadata.xml,Start Time,/metadata/idinfo/timeperd/timeinfo/rngdates/begdate,"19910614"
01900-metadata.xml,End Time,/metadata/idinfo/timeperd/timeinfo/rngdates/enddate,"19910618"
01900-metadata.xml,Temporal Resolution,/metadata/mercury/Temporal_Resolution,""
01901-metadata.xml,Start Time,/metadata/idinfo/timeperd/timeinfo/rngdates/begdate,"19940101"
01901-metadata.xml,End Time,/metadata/idinfo/timeperd/timeinfo/rngdates/enddate,"19961231"
01901-metadata.xml,Temporal Resolution,/metadata/mercury/Temporal_Resolution,""
01902-metadata.xml,Start Time,/metadata/idinfo/timeperd/timeinfo/rngdates/begdate,"20000705"
01902-metadata.xml,End Time,/metadata/idinfo/timeperd/timeinfo/rngdates/enddate,"20000705"
01902-metadata.xml,Temporal Resolution,/metadata/mercury/Temporal_Resolution,""
01903-metadata.xml,Start Time,/metadata/idinfo/timeperd/timeinfo/rngdates/begdate,"19980928"
01903-metadata.xml,End Time,/metadata/idinfo/timeperd/timeinfo/rngdates/enddate,"20061110"
01903-metadata.xml,Temporal Resolution,/metadata/mercury/Temporal_Resolution,""
01904-metadata.xml,Start Time,/metadata/idinfo/timeperd/timeinfo/rngdates/begdate,"19900101"
01904-metadata.xml,End Time,/metadata/idinfo/timeperd/timeinfo/rngdates/enddate,"19901231"
01904-metadata.xml,Temporal Resolution,/metadata/mercury/Temporal_Resolution,""
01905-metadata.xml,Start Time,/metadata/idinfo/timeperd/timeinfo/rngdates/begdate,"19890615"
01905-metadata.xml,End Time,/metadata/idinfo/timeperd/timeinfo/rngdates/enddate,"19890811"
01905-metadata.xml,Temporal Resolution,/metadata/mercury/Temporal_Resolution,""
01906-metadata.xml,Start Time,/metadata/idinfo/timeperd/timeinfo/rngdates/begdate,"19750619"
01906-metadata.xml,End Time,/metadata/idinfo/timeperd/timeinfo/rngdates/enddate,"20000628"
01906-metadata.xml,Temporal Resolution,/metadata/mercury/Temporal_Resolution,""
01907-metadata.xml,Start Time,/metadata/idinfo/timeperd/timeinfo/rngdates/begdate,"19860823"
01907-metadata.xml,End Time,/metadata/idinfo/timeperd/timeinfo/rngdates/enddate,"19991115"
01907-metadata.xml,Temporal Resolution,/metadata/mercury/Temporal_Resolution,""
01908-metadata.xml,Start Time,/metadata/idinfo/timeperd/timeinfo/rngdates/begdate,"19870526"
01908-metadata.xml,End Time,/metadata/idinfo/timeperd/timeinfo/rngdates/enddate,"19890813"
01908-metadata.xml,Temporal Resolution,/metadata/mercury/Temporal_Resolution,""
01909-metadata.xml,Start Time,/metadata/idinfo/timeperd/timeinfo/rngdates/begdate,"19320101"
01909-metadata.xml,End Time,/metadata/idinfo/timeperd/timeinfo/rngdates/enddate,"19991231"
01909-metadata.xml,Temporal Resolution,/metadata/mercury/Temporal_Resolution,""
01910-metadata.xml,Start Time,/metadata/idinfo/timeperd/timeinfo/rngdates/begdate,"19920401"
01910-metadata.xml,End Time,/metadata/idinfo/timeperd/timeinfo/rngdates/enddate,"19920930"
01910-metadata.xml,Temporal Resolution,/metadata/mercury/Temporal_Resolution,""
01911-metadata.xml,Start Time,/metadata/idinfo/timeperd/timeinfo/rngdates/begdate,"19940417"
01911-metadata.xml,End Time,/metadata/idinfo/timeperd/timeinfo/rngdates/enddate,"19940917"
01911-metadata.xml,Temporal Resolution,/metadata/mercury/Temporal_Resolution,""
01912-metadata.xml,Start Time,/metadata/idinfo/timeperd/timeinfo/rngdates/begdate,"20000801"
01912-metadata.xml,End Time,/metadata/idinfo/timeperd/timeinfo/rngdates/enddate,"20000930"
01912-metadata.xml,Temporal Resolution,/metadata/mercury/Temporal_Resolution,""
01913-metadata.xml,Start Time,/metadata/idinfo/timeperd/timeinfo/rngdates/begdate,"20030101"
01913-metadata.xml,End Time,/metadata/idinfo/timeperd/timeinfo/rngdates/enddate,"20061231"
01913-metadata.xml,Temporal Resolution,/metadata/mercury/Temporal_Resolution,""
01914-metadata.xml,Start Time,/metadata/idinfo/timeperd/timeinfo/rngdates/begdate,"20000820"
01914-metadata.xml,End Time,/metadata/idinfo/timeperd/timeinfo/rngdates/enddate,"20000920"
01914-metadata.xml,Temporal Resolution,/metadata/mercury/Temporal_Resolution,""
01915-metadata.xml,Start Time,/metadata/idinfo/timeperd/timeinfo/rngdates/begdate,"19910812"
01915-metadata.xml,End Time,/metadata/idinfo/timeperd/timeinfo/rngdates/enddate,"20030126"
01915-metadata.xml,Temporal Resolution,/metadata/mercury/Temporal_Resolution,""
01916-metadata.xml,Start Time,/metadata/idinfo/timeperd/timeinfo/rngdates/begdate,"20000302"
01916-metadata.xml,End Time,/metadata/idinfo/timeperd/timeinfo/rngdates/enddate,"20021231"
01916-metadata.xml,Temporal Resolution,/metadata/mercury/Temporal_Resolution,""
01917-metadata.xml,Start Time,/metadata/idinfo/timeperd/timeinfo/rngdates/begdate,"20000825"
01917-metadata.xml,End Time,/metadata/idinfo/timeperd/timeinfo/rngdates/enddate,"20001002"
01917-metadata.xml,Temporal Resolution,/metadata/mercury/Temporal_Resolution,""
01918-metadata.xml,Start Time,/metadata/idinfo/timeperd/timeinfo/rngdates/begdate,"19900101"
01918-metadata.xml,End Time,/metadata/idinfo/timeperd/timeinfo/rngdates/enddate,"20071231"
01918-metadata.xml,Temporal Resolution,/metadata/mercury/Temporal_Resolution,""
01919-metadata.xml,Start Time,/metadata/idinfo/timeperd/timeinfo/rngdates/begdate,"19960101"
01919-metadata.xml,End Time,/metadata/idinfo/timeperd/timeinfo/rngdates/enddate,"19981231"
01919-metadata.xml,Temporal Resolution,/metadata/mercury/Temporal_Resolution,""
01920-metadata.xml,Start Time,/metadata/idinfo/timeperd/timeinfo/rngdates/begdate,"19890724"
01920-metadata.xml,End Time,/metadata/idinfo/timeperd/timeinfo/rngdates/enddate,"19890812"
01920-metadata.xml,Temporal Resolution,/metadata/mercury/Temporal_Resolution,""
01921-metadata.xml,Start Time,/metadata/idinfo/timeperd/timeinfo/rngdates/begdate,"19760101"
01921-metadata.xml,End Time,/metadata/idinfo/timeperd/timeinfo/rngdates/enddate,"19861231"
01921-metadata.xml,Temporal Resolution,/metadata/mercury/Temporal_Resolution,""
01922-metadata.xml,Start Time,/metadata/idinfo/timeperd/timeinfo/rngdates/begdate,"19610101"
01922-metadata.xml,End Time,/metadata/idinfo/timeperd/timeinfo/rngdates/enddate,"20071231"
01922-metadata.xml,Temporal Resolution,/metadata/mercury/Temporal_Resolution,""
01923-metadata.xml,Start Time,/metadata/idinfo/timeperd/timeinfo/rngdates/begdate,"19880427"
01923-metadata.xml,End Time,/metadata/idinfo/timeperd/timeinfo/rngdates/enddate,"19880920"
01923-metadata.xml,Temporal Resolution,/metadata/mercury/Temporal_Resolution,""
01924-metadata.xml,Start Time,/metadata/idinfo/timeperd/timeinfo/rngdates/begdate,"19940416"
01924-metadata.xml,End Time,/metadata/idinfo/timeperd/timeinfo/rngdates/enddate,"19940907"
01924-metadata.xml,Temporal Resolution,/metadata/mercury/Temporal_Resolution,""
01925-metadata.xml,Start Time,/metadata/idinfo/timeperd/timeinfo/rngdates/begdate,"18580101"
01925-metadata.xml,End Time,/metadata/idinfo/timeperd/timeinfo/rngdates/enddate,"19891201"
01925-metadata.xml,Temporal Resolution,/metadata/mercury/Temporal_Resolution,""
01926-metadata.xml,Start Time,/metadata/idinfo/timeperd/timeinfo/rngdates/begdate,"19870526"
01926-metadata.xml,End Time,/metadata/idinfo/timeperd/timeinfo/rngdates/enddate,"19890812"
01926-metadata.xml,Temporal Resolution,/metadata/mercury/Temporal_Resolution,""
01927-metadata.xml,Start Time,/metadata/idinfo/timeperd/timeinfo/rngdates/begdate,"19500101"
01927-metadata.xml,End Time,/metadata/idinfo/timeperd/timeinfo/rngdates/enddate,"19961231"
01927-metadata.xml,Temporal Resolution,/metadata/mercury/Temporal_Resolution,""
01928-metadata.xml,Start Time,/metadata/idinfo/timeperd/timeinfo/rngdates/begdate,"19930815"
01928-metadata.xml,End Time,/metadata/idinfo/timeperd/timeinfo/rngdates/enddate,"19961110"
01928-metadata.xml,Temporal Resolution,/metadata/mercury/Temporal_Resolution,""
01929-metadata.xml,Start Time,/metadata/idinfo/timeperd/timeinfo/rngdates/begdate,"18580101"
01929-metadata.xml,End Time,/metadata/idinfo/timeperd/timeinfo/rngdates/enddate,"19891201"
01929-metadata.xml,Temporal Resolution,/metadata/mercury/Temporal_Resolution,""
01930-metadata.xml,Start Time,/metadata/idinfo/timeperd/timeinfo/rngdates/begdate,"19830101"
01930-metadata.xml,End Time,/metadata/idinfo/timeperd/timeinfo/rngdates/enddate,"19961231"
01930-metadata.xml,Temporal Resolution,/metadata/mercury/Temporal_Resolution,""
01931-metadata.xml,Start Time,/metadata/idinfo/timeperd/timeinfo/rngdates/begdate,"19700101"
01931-metadata.xml,End Time,/metadata/idinfo/timeperd/timeinfo/rngdates/enddate,"19951231"
01931-metadata.xml,Temporal Resolution,/metadata/mercury/Temporal_Resolution,""
01932-metadata.xml,Start Time,/metadata/idinfo/timeperd/timeinfo/rngdates/begdate,"19870306"
01932-metadata.xml,End Time,/metadata/idinfo/timeperd/timeinfo/rngdates/enddate,"19891031"
01932-metadata.xml,Temporal Resolution,/metadata/mercury/Temporal_Resolution,""
01933-metadata.xml,Start Time,/metadata/idinfo/timeperd/timeinfo/rngdates/begdate,"19800801"
01933-metadata.xml,End Time,/metadata/idinfo/timeperd/timeinfo/rngdates/enddate,"19820331"
01933-metadata.xml,Temporal Resolution,/metadata/mercury/Temporal_Resolution,""
01934-metadata.xml,Start Time,/metadata/idinfo/timeperd/timeinfo/rngdates/begdate,"19860921"
01934-metadata.xml,End Time,/metadata/idinfo/timeperd/timeinfo/rngdates/enddate,"19940917"
01934-metadata.xml,Temporal Resolution,/metadata/mercury/Temporal_Resolution,""
01935-metadata.xml,Start Time,/metadata/idinfo/timeperd/timeinfo/rngdates/begdate,"19920101"
01935-metadata.xml,End Time,/metadata/idinfo/timeperd/timeinfo/rngdates/enddate,"20001231"
01935-metadata.xml,Temporal Resolution,/metadata/mercury/Temporal_Resolution,""
01936-metadata.xml,Start Time,/metadata/idinfo/timeperd/timeinfo/rngdates/begdate,"19960601"
01936-metadata.xml,End Time,/metadata/idinfo/timeperd/timeinfo/rngdates/enddate,"19961001"
01936-metadata.xml,Temporal Resolution,/metadata/mercury/Temporal_Resolution,""
01937-metadata.xml,Start Time,/metadata/idinfo/timeperd/timeinfo/rngdates/begdate,"19980817"
01937-metadata.xml,End Time,/metadata/idinfo/timeperd/timeinfo/rngdates/enddate,"19990823"
01937-metadata.xml,Temporal Resolution,/metadata/mercury/Temporal_Resolution,""
01938-metadata.xml,Start Time,/metadata/idinfo/timeperd/timeinfo/rngdates/begdate,"19840604"
01938-metadata.xml,End Time,/metadata/idinfo/timeperd/timeinfo/rngdates/enddate,"20090916"
01938-metadata.xml,Temporal Resolution,/metadata/mercury/Temporal_Resolution,""
01939-metadata.xml,Start Time,/metadata/idinfo/timeperd/timeinfo/rngdates/begdate,"19970522"
01939-metadata.xml,End Time,/metadata/idinfo/timeperd/timeinfo/rngdates/enddate,"19970527"
01939-metadata.xml,Temporal Resolution,/metadata/mercury/Temporal_Resolution,""
01940-metadata.xml,Start Time,/metadata/idinfo/timeperd/timeinfo/rngdates/begdate,"19840803"
01940-metadata.xml,End Time,/metadata/idinfo/timeperd/timeinfo/rngdates/enddate,"20030803"
01940-metadata.xml,Temporal Resolution,/metadata/mercury/Temporal_Resolution,""
01941-metadata.xml,Start Time,/metadata/idinfo/timeperd/timeinfo/rngdates/begdate,"19870101"
01941-metadata.xml,End Time,/metadata/idinfo/timeperd/timeinfo/rngdates/enddate,"19871231"
01941-metadata.xml,Temporal Resolution,/metadata/mercury/Temporal_Resolution,""
01942-metadata.xml,Start Time,/metadata/idinfo/timeperd/timeinfo/rngdates/begdate,"19830713"
01942-metadata.xml,End Time,/metadata/idinfo/timeperd/timeinfo/rngdates/enddate,"19840628"
01942-metadata.xml,Temporal Resolution,/metadata/mercury/Temporal_Resolution,""
01943-metadata.xml,Start Time,/metadata/idinfo/timeperd/timeinfo/rngdates/begdate,"19730101"
01943-metadata.xml,End Time,/metadata/idinfo/timeperd/timeinfo/rngdates/enddate,"19731231"
01943-metadata.xml,Temporal Resolution,/metadata/mercury/Temporal_Resolution,""
01944-metadata.xml,Start Time,/metadata/idinfo/timeperd/timeinfo/rngdates/begdate,"19921106"
01944-metadata.xml,End Time,/metadata/idinfo/timeperd/timeinfo/rngdates/enddate,"19930315"
01944-metadata.xml,Temporal Resolution,/metadata/mercury/Temporal_Resolution,""
01945-metadata.xml,Start Time,/metadata/idinfo/timeperd/timeinfo/rngdates/begdate,"19940207"
01945-metadata.xml,End Time,/metadata/idinfo/timeperd/timeinfo/rngdates/enddate,"19940211"
01945-metadata.xml,Temporal Resolution,/metadata/mercury/Temporal_Resolution,""
01946-metadata.xml,Start Time,/metadata/idinfo/timeperd/timeinfo/rngdates/begdate,"19940206"
01946-metadata.xml,End Time,/metadata/idinfo/timeperd/timeinfo/rngdates/enddate,"19940916"
01946-metadata.xml,Temporal Resolution,/metadata/mercury/Temporal_Resolution,""
01947-metadata.xml,Start Time,/metadata/idinfo/timeperd/timeinfo/rngdates/begdate,"20001101"
01947-metadata.xml,End Time,/metadata/idinfo/timeperd/timeinfo/rngdates/enddate,"20041120"
01947-metadata.xml,Temporal Resolution,/metadata/mercury/Temporal_Resolution,""
01948-metadata.xml,Start Time,/metadata/idinfo/timeperd/timeinfo/rngdates/begdate,"19940612"
01948-metadata.xml,End Time,/metadata/idinfo/timeperd/timeinfo/rngdates/enddate,"19951014"
01948-metadata.xml,Temporal Resolution,/metadata/mercury/Temporal_Resolution,""
01949-metadata.xml,Start Time,/metadata/idinfo/timeperd/timeinfo/rngdates/begdate,"19990810"
01949-metadata.xml,End Time,/metadata/idinfo/timeperd/timeinfo/rngdates/enddate,"20001219"
01949-metadata.xml,Temporal Resolution,/metadata/mercury/Temporal_Resolution,""
01950-metadata.xml,Start Time,/metadata/idinfo/timeperd/timeinfo/rngdates/begdate,"19980820"
01950-metadata.xml,End Time,/metadata/idinfo/timeperd/timeinfo/rngdates/enddate,"20060822"
01950-metadata.xml,Temporal Resolution,/metadata/mercury/Temporal_Resolution,""
01951-metadata.xml,Start Time,/metadata/idinfo/timeperd/timeinfo/rngdates/begdate,"19710101"
01951-metadata.xml,End Time,/metadata/idinfo/timeperd/timeinfo/rngdates/enddate,"19820101"
01951-metadata.xml,Temporal Resolution,/metadata/mercury/Temporal_Resolution,""
01952-metadata.xml,Start Time,/metadata/idinfo/timeperd/timeinfo/rngdates/begdate,"19940726"
01952-metadata.xml,End Time,/metadata/idinfo/timeperd/timeinfo/rngdates/enddate,"19960726"
01952-metadata.xml,Temporal Resolution,/metadata/mercury/Temporal_Resolution,""
01953-metadata.xml,Start Time,/metadata/idinfo/timeperd/timeinfo/rngdates/begdate,"19700629"
01953-metadata.xml,End Time,/metadata/idinfo/timeperd/timeinfo/rngdates/enddate,"19730918"
01953-metadata.xml,Temporal Resolution,/metadata/mercury/Temporal_Resolution,""
01954-metadata.xml,Start Time,/metadata/idinfo/timeperd/timeinfo/rngdates/begdate,"19940524"
01954-metadata.xml,End Time,/metadata/idinfo/timeperd/timeinfo/rngdates/enddate,"19940920"
01954-metadata.xml,Temporal Resolution,/metadata/mercury/Temporal_Resolution,""
01955-metadata.xml,Start Time,/metadata/idinfo/timeperd/timeinfo/rngdates/begdate,"19690101"
01955-metadata.xml,End Time,/metadata/idinfo/timeperd/timeinfo/rngdates/enddate,"19980101"
01955-metadata.xml,Temporal Resolution,/metadata/mercury/Temporal_Resolution,""
01956-metadata.xml,Start Time,/metadata/idinfo/timeperd/timeinfo/rngdates/begdate,"19940915"
01956-metadata.xml,End Time,/metadata/idinfo/timeperd/timeinfo/rngdates/enddate,"19940917"
01956-metadata.xml,Temporal Resolution,/metadata/mercury/Temporal_Resolution,""
01957-metadata.xml,Start Time,/metadata/idinfo/timeperd/timeinfo/rngdates/begdate,"20020301"
01957-metadata.xml,End Time,/metadata/idinfo/timeperd/timeinfo/rngdates/enddate,"20031217"
01957-metadata.xml,Temporal Resolution,/metadata/mercury/Temporal_Resolution,""
01958-metadata.xml,Start Time,/metadata/idinfo/timeperd/timeinfo/rngdates/begdate,"19940206"
01958-metadata.xml,End Time,/metadata/idinfo/timeperd/timeinfo/rngdates/enddate,"19960308"
01958-metadata.xml,Temporal Resolution,/metadata/mercury/Temporal_Resolution,""
01959-metadata.xml,Start Time,/metadata/idinfo/timeperd/timeinfo/rngdates/begdate,"19940531"
01959-metadata.xml,End Time,/metadata/idinfo/timeperd/timeinfo/rngdates/enddate,"19940916"
01959-metadata.xml,Temporal Resolution,/metadata/mercury/Temporal_Resolution,""
01960-metadata.xml,Start Time,/metadata/idinfo/timeperd/timeinfo/rngdates/begdate,"19940607"
01960-metadata.xml,End Time,/metadata/idinfo/timeperd/timeinfo/rngdates/enddate,"19940917"
01960-metadata.xml,Temporal Resolution,/metadata/mercury/Temporal_Resolution,""
01961-metadata.xml,Start Time,/metadata/idinfo/timeperd/timeinfo/rngdates/begdate,"19870203"
01961-metadata.xml,End Time,/metadata/idinfo/timeperd/timeinfo/rngdates/enddate,"19891013"
01961-metadata.xml,Temporal Resolution,/metadata/mercury/Temporal_Resolution,""
01962-metadata.xml,Start Time,/metadata/idinfo/timeperd/timeinfo/rngdates/begdate,"19680101"
01962-metadata.xml,End Time,/metadata/idinfo/timeperd/timeinfo/rngdates/enddate,"19931231"
01962-metadata.xml,Temporal Resolution,/metadata/mercury/Temporal_Resolution,""
01963-metadata.xml,Start Time,/metadata/idinfo/timeperd/timeinfo/rngdates/begdate,"20010319"
01963-metadata.xml,End Time,/metadata/idinfo/timeperd/timeinfo/rngdates/enddate,"20030505"
01963-metadata.xml,Temporal Resolution,/metadata/mercury/Temporal_Resolution,""
01964-metadata.xml,Start Time,/metadata/idinfo/timeperd/timeinfo/rngdates/begdate,"20000825"
01964-metadata.xml,End Time,/metadata/idinfo/timeperd/timeinfo/rngdates/enddate,"20001002"
01964-metadata.xml,Temporal Resolution,/metadata/mercury/Temporal_Resolution,""
01965-metadata.xml,Start Time,/metadata/idinfo/timeperd/timeinfo/rngdates/begdate,"19891031"
01965-metadata.xml,End Time,/metadata/idinfo/timeperd/timeinfo/rngdates/enddate,"19891031"
01965-metadata.xml,Temporal Resolution,/metadata/mercury/Temporal_Resolution,""
01966-metadata.xml,Start Time,/metadata/idinfo/timeperd/timeinfo/rngdates/begdate,"19990603"
01966-metadata.xml,End Time,/metadata/idinfo/timeperd/timeinfo/rngdates/enddate,"19990621"
01966-metadata.xml,Temporal Resolution,/metadata/mercury/Temporal_Resolution,""
01967-metadata.xml,Start Time,/metadata/idinfo/timeperd/timeinfo/rngdates/begdate,"19990101"
01967-metadata.xml,End Time,/metadata/idinfo/timeperd/timeinfo/rngdates/enddate,"20021231"
01967-metadata.xml,Temporal Resolution,/metadata/mercury/Temporal_Resolution,""
01968-metadata.xml,Start Time,/metadata/idinfo/timeperd/timeinfo/rngdates/begdate,"19940525"
01968-metadata.xml,End Time,/metadata/idinfo/timeperd/timeinfo/rngdates/enddate,"19940909"
01968-metadata.xml,Temporal Resolution,/metadata/mercury/Temporal_Resolution,""
01969-metadata.xml,Start Time,/metadata/idinfo/timeperd/timeinfo/rngdates/begdate,"19610101"
01969-metadata.xml,End Time,/metadata/idinfo/timeperd/timeinfo/rngdates/enddate,"19901231"
01969-metadata.xml,Temporal Resolution,/metadata/mercury/Temporal_Resolution,""
01970-metadata.xml,Start Time,/metadata/idinfo/timeperd/timeinfo/rngdates/begdate,"19650101"
01970-metadata.xml,End Time,/metadata/idinfo/timeperd/timeinfo/rngdates/enddate,"19961231"
01970-metadata.xml,Temporal Resolution,/metadata/mercury/Temporal_Resolution,""
01971-metadata.xml,Start Time,/metadata/idinfo/timeperd/timeinfo/rngdates/begdate,"19870528"
01971-metadata.xml,End Time,/metadata/idinfo/timeperd/timeinfo/rngdates/enddate,"19871012"
01971-metadata.xml,Temporal Resolution,/metadata/mercury/Temporal_Resolution,""
01972-metadata.xml,Start Time,/metadata/idinfo/timeperd/timeinfo/rngdates/begdate,"19820710"
01972-metadata.xml,End Time,/metadata/idinfo/timeperd/timeinfo/rngdates/enddate,"19900830"
01972-metadata.xml,Temporal Resolution,/metadata/mercury/Temporal_Resolution,""
01973-metadata.xml,Start Time,/metadata/idinfo/timeperd/timeinfo/rngdates/begdate,"19960701"
01973-metadata.xml,End Time,/metadata/idinfo/timeperd/timeinfo/rngdates/enddate,"19970831"
01973-metadata.xml,Temporal Resolution,/metadata/mercury/Temporal_Resolution,""
01974-metadata.xml,Start Time,/metadata/idinfo/timeperd/timeinfo/rngdates/begdate,"19871018"
01974-metadata.xml,End Time,/metadata/idinfo/timeperd/timeinfo/rngdates/enddate,"19871018"
01974-metadata.xml,Temporal Resolution,/metadata/mercury/Temporal_Resolution,""
01975-metadata.xml,Start Time,/metadata/idinfo/timeperd/timeinfo/rngdates/begdate,"19940513"
01975-metadata.xml,End Time,/metadata/idinfo/timeperd/timeinfo/rngdates/enddate,"19970331"
01975-metadata.xml,Temporal Resolution,/metadata/mercury/Temporal_Resolution,""
01976-metadata.xml,Start Time,/metadata/idinfo/timeperd/timeinfo/rngdates/begdate,"19860101"
01976-metadata.xml,End Time,/metadata/idinfo/timeperd/timeinfo/rngdates/enddate,"19861231"
01976-metadata.xml,Temporal Resolution,/metadata/mercury/Temporal_Resolution,""
01977-metadata.xml,Start Time,/metadata/idinfo/timeperd/timeinfo/rngdates/begdate,"19320101"
01977-metadata.xml,End Time,/metadata/idinfo/timeperd/timeinfo/rngdates/enddate,"20001231"
01977-metadata.xml,Temporal Resolution,/metadata/mercury/Temporal_Resolution,""
01978-metadata.xml,Start Time,/metadata/idinfo/timeperd/timeinfo/rngdates/begdate,"19940101"
01978-metadata.xml,End Time,/metadata/idinfo/timeperd/timeinfo/rngdates/enddate,"21001231"
01978-metadata.xml,Temporal Resolution,/metadata/mercury/Temporal_Resolution,""
01979-metadata.xml,Start Time,/metadata/idinfo/timeperd/timeinfo/rngdates/begdate,"19010101"
01979-metadata.xml,End Time,/metadata/idinfo/timeperd/timeinfo/rngdates/enddate,"20040908"
01979-metadata.xml,Temporal Resolution,/metadata/mercury/Temporal_Resolution,""
01980-metadata.xml,Start Time,/metadata/idinfo/timeperd/timeinfo/rngdates/begdate,"19680101"
01980-metadata.xml,End Time,/metadata/idinfo/timeperd/timeinfo/rngdates/enddate,"19951231"
01980-metadata.xml,Temporal Resolution,/metadata/mercury/Temporal_Resolution,""
01981-metadata.xml,Start Time,/metadata/idinfo/timeperd/timeinfo/rngdates/begdate,"19000101"
01981-metadata.xml,End Time,/metadata/idinfo/timeperd/timeinfo/rngdates/enddate,"19990101"
01981-metadata.xml,Temporal Resolution,/metadata/mercury/Temporal_Resolution,""
01982-metadata.xml,Start Time,/metadata/idinfo/timeperd/timeinfo/rngdates/begdate,"19940721"
01982-metadata.xml,End Time,/metadata/idinfo/timeperd/timeinfo/rngdates/enddate,"19940721"
01982-metadata.xml,Temporal Resolution,/metadata/mercury/Temporal_Resolution,""
01983-metadata.xml,Start Time,/metadata/idinfo/timeperd/timeinfo/rngdates/begdate,"19950101"
01983-metadata.xml,End Time,/metadata/idinfo/timeperd/timeinfo/rngdates/enddate,"19950101"
01983-metadata.xml,Temporal Resolution,/metadata/mercury/Temporal_Resolution,""
01984-metadata.xml,Start Time,/metadata/idinfo/timeperd/timeinfo/rngdates/begdate,"19940726"
01984-metadata.xml,End Time,/metadata/idinfo/timeperd/timeinfo/rngdates/enddate,"19960726"
01984-metadata.xml,Temporal Resolution,/metadata/mercury/Temporal_Resolution,""
01985-metadata.xml,Start Time,/metadata/idinfo/timeperd/timeinfo/rngdates/begdate,"19960229"
01985-metadata.xml,End Time,/metadata/idinfo/timeperd/timeinfo/rngdates/enddate,"19960311"
01985-metadata.xml,Temporal Resolution,/metadata/mercury/Temporal_Resolution,""
01986-metadata.xml,Start Time,/metadata/idinfo/timeperd/timeinfo/rngdates/begdate,"19740101"
01986-metadata.xml,End Time,/metadata/idinfo/timeperd/timeinfo/rngdates/enddate,"19820101"
01986-metadata.xml,Temporal Resolution,/metadata/mercury/Temporal_Resolution,""
01987-metadata.xml,Start Time,/metadata/idinfo/timeperd/timeinfo/rngdates/begdate,"19940716"
01987-metadata.xml,End Time,/metadata/idinfo/timeperd/timeinfo/rngdates/enddate,"19940808"
01987-metadata.xml,Temporal Resolution,/metadata/mercury/Temporal_Resolution,""
01988-metadata.xml,Start Time,/metadata/idinfo/timeperd/timeinfo/rngdates/begdate,"19940524"
01988-metadata.xml,End Time,/metadata/idinfo/timeperd/timeinfo/rngdates/enddate,"19940908"
01988-metadata.xml,Temporal Resolution,/metadata/mercury/Temporal_Resolution,""
01989-metadata.xml,Start Time,/metadata/idinfo/timeperd/timeinfo/rngdates/begdate,"19950520"
01989-metadata.xml,End Time,/metadata/idinfo/timeperd/timeinfo/rngdates/enddate,"19950929"
01989-metadata.xml,Temporal Resolution,/metadata/mercury/Temporal_Resolution,""
01990-metadata.xml,Start Time,/metadata/idinfo/timeperd/timeinfo/rngdates/begdate,"19860101"
01990-metadata.xml,End Time,/metadata/idinfo/timeperd/timeinfo/rngdates/enddate,"19951231"
01990-metadata.xml,Temporal Resolution,/metadata/mercury/Temporal_Resolution,""
01991-metadata.xml,Start Time,/metadata/idinfo/timeperd/timeinfo/rngdates/begdate,"19960303"
01991-metadata.xml,End Time,/metadata/idinfo/timeperd/timeinfo/rngdates/enddate,"19960308"
01991-metadata.xml,Temporal Resolution,/metadata/mercury/Temporal_Resolution,""
01992-metadata.xml,Start Time,/metadata/idinfo/timeperd/timeinfo/rngdates/begdate,"19940608"
01992-metadata.xml,End Time,/metadata/idinfo/timeperd/timeinfo/rngdates/enddate,"19940917"
01992-metadata.xml,Temporal Resolution,/metadata/mercury/Temporal_Resolution,""
01993-metadata.xml,Start Time,/metadata/idinfo/timeperd/timeinfo/rngdates/begdate,"19830801"
01993-metadata.xml,End Time,/metadata/idinfo/timeperd/timeinfo/rngdates/enddate,"19840814"
01993-metadata.xml,Temporal Resolution,/metadata/mercury/Temporal_Resolution,""
01994-metadata.xml,Start Time,/metadata/idinfo/timeperd/timeinfo/rngdates/begdate,"19810401"
01994-metadata.xml,End Time,/metadata/idinfo/timeperd/timeinfo/rngdates/enddate,"19901130"
01994-metadata.xml,Temporal Resolution,/metadata/mercury/Temporal_Resolution,""
01995-metadata.xml,Start Time,/metadata/idinfo/timeperd/timeinfo/rngdates/begdate,"19480101"
01995-metadata.xml,End Time,/metadata/idinfo/timeperd/timeinfo/rngdates/enddate,"19941231"
01995-metadata.xml,Temporal Resolution,/metadata/mercury/Temporal_Resolution,""
01996-metadata.xml,Start Time,/metadata/idinfo/timeperd/timeinfo/rngdates/begdate,"18950101"
01996-metadata.xml,End Time,/metadata/idinfo/timeperd/timeinfo/rngdates/enddate,"19931231"
01996-metadata.xml,Temporal Resolution,/metadata/mercury/Temporal_Resolution,""
01997-metadata.xml,Start Time,/metadata/idinfo/timeperd/timeinfo/rngdates/begdate,"19720101"
01997-metadata.xml,End Time,/metadata/idinfo/timeperd/timeinfo/rngdates/enddate,"20101015"
01997-metadata.xml,Temporal Resolution,/metadata/mercury/Temporal_Resolution,""
01998-metadata.xml,Start Time,/metadata/idinfo/timeperd/timeinfo/rngdates/begdate,"19990301"
01998-metadata.xml,End Time,/metadata/idinfo/timeperd/timeinfo/rngdates/enddate,"20040930"
01998-metadata.xml,Temporal Resolution,/metadata/mercury/Temporal_Resolution,""
01999-metadata.xml,Start Time,/metadata/idinfo/timeperd/timeinfo/rngdates/begdate,"20040212"
01999-metadata.xml,End Time,/metadata/idinfo/timeperd/timeinfo/rngdates/enddate,"20050512"
01999-metadata.xml,Temporal Resolution,/metadata/mercury/Temporal_Resolution,""
02000-metadata.xml,Start Time,/metadata/idinfo/timeperd/timeinfo/rngdates/begdate,"19800101"
02000-metadata.xml,End Time,/metadata/idinfo/timeperd/timeinfo/rngdates/enddate,"19961231"
02000-metadata.xml,Temporal Resolution,/metadata/mercury/Temporal_Resolution,""
02001-metadata.xml,Start Time,/metadata/idinfo/timeperd/timeinfo/rngdates/begdate,"19840624"
02001-metadata.xml,End Time,/metadata/idinfo/timeperd/timeinfo/rngdates/enddate,"20000628"
02001-metadata.xml,Temporal Resolution,/metadata/mercury/Temporal_Resolution,""
02002-metadata.xml,Start Time,/metadata/idinfo/timeperd/timeinfo/rngdates/begdate,"19950520"
02002-metadata.xml,End Time,/metadata/idinfo/timeperd/timeinfo/rngdates/enddate,"19950929"
02002-metadata.xml,Temporal Resolution,/metadata/mercury/Temporal_Resolution,""
02003-metadata.xml,Start Time,/metadata/idinfo/timeperd/timeinfo/rngdates/begdate,"19940529"
02003-metadata.xml,End Time,/metadata/idinfo/timeperd/timeinfo/rngdates/enddate,"19950807"
02003-metadata.xml,Temporal Resolution,/metadata/mercury/Temporal_Resolution,""
02004-metadata.xml,Start Time,/metadata/idinfo/timeperd/timeinfo/rngdates/begdate,"19900101"
02004-metadata.xml,End Time,/metadata/idinfo/timeperd/timeinfo/rngdates/enddate,"19961231"
02004-metadata.xml,Temporal Resolution,/metadata/mercury/Temporal_Resolution,""
02005-metadata.xml,Start Time,/metadata/idinfo/timeperd/timeinfo/rngdates/begdate,"19931115"
02005-metadata.xml,End Time,/metadata/idinfo/timeperd/timeinfo/rngdates/enddate,"19940816"
02005-metadata.xml,Temporal Resolution,/metadata/mercury/Temporal_Resolution,""
02006-metadata.xml,Start Time,/metadata/idinfo/timeperd/timeinfo/rngdates/begdate,"19560131"
02006-metadata.xml,End Time,/metadata/idinfo/timeperd/timeinfo/rngdates/enddate,"19641129"
02006-metadata.xml,Temporal Resolution,/metadata/mercury/Temporal_Resolution,""
02007-metadata.xml,Start Time,/metadata/idinfo/timeperd/timeinfo/rngdates/begdate,"19010101"
02007-metadata.xml,End Time,/metadata/idinfo/timeperd/timeinfo/rngdates/enddate,"19910101"
02007-metadata.xml,Temporal Resolution,/metadata/mercury/Temporal_Resolution,""
02008-metadata.xml,Start Time,/metadata/idinfo/timeperd/timeinfo/rngdates/begdate,"20021112"
02008-metadata.xml,End Time,/metadata/idinfo/timeperd/timeinfo/rngdates/enddate,"20021115"
02008-metadata.xml,Temporal Resolution,/metadata/mercury/Temporal_Resolution,""
